id_cliente,ciudad,gasto_mensual,frecuencia_compra,ultima_compra,id_hash,cp_trunc,decada_nacimiento
1,Madrid,74.34,3,2024-12-27,6b86b273ff34fce19d6b804eff5a3f5747ada4eaa22f1d49c01e52ddb7875b4b,280,1990s
2,Valencia,217.35,2,2025-02-02,d4735e3a265e16eee03f59718b9b5d03019c07d8b6c51f90da3a666eec13ab35,460,1960s
3,Sevilla,65.7,4,2024-12-11,4e07408562bedb8b60ce05c1decfe3ad16b72230967de01f640b7e4729b49fce,410,2000s
4,Murcia,282.98,5,2025-02-09,4b227777d4dd1fc61c6f884f48641d02b4d121d3fd328cb08b5531fcacdabf8a,300,1960s
5,Murcia,593.92,10,2024-12-03,ef2d127de37b942baad06145e54b0c619a1f22327b2ebbcfbec78f5564afe39d,300,2000s
6,Zaragoza,400.15,6,2024-12-09,e7f6c011776e8db7cd330b54174fd76f7d0216b612387a5ffcfb81e6f0919683,500,1970s
7,Zaragoza,598.45,2,2024-12-26,7902699be42c8a8e46fbbb4501726517e86b22c56a189f7625a6da49081b2451,500,1990s
8,Valladolid,165.82,8,2025-02-28,2c624232cdd221771294dfbb310aca000a0df6ac8b66b696d90ef06fdefb64a3,470,1990s
9,Valencia,524.9,4,2024-12-10,19581e27de7ced00ff1ce50b2047e7a567c76b1cbaebabe5ef03f7c3017bb5b7,460,1980s
10,Valladolid,84.88,5,2025-01-21,4a44dc15364204a80fe80e9039455cc1608281820fe2b24f1e5233ade6af1dd5,470,1980s
11,Valladolid,115.77,8,2024-12-14,4fc82b26aecb47d2868c4efbe3581732a3e7cbcc6c2efb32062c08170a05eeb8,470,1970s
12,Málaga,57.14,0,2024-12-16,6b51d431df5d7f141cbececcf79edf3dd861c3b4069f0b11661a3eefacbba918,290,1970s
13,Sevilla,181.52,7,2025-02-02,3fdba35f04dc8c462986c992bcf875546257113072a909c162f7e470e581e278,410,1980s
14,Murcia,265.68,7,2025-02-23,8527a891e224136950ff32ca212b45bc93f69fbb801c3b1ebedac52775f99e61,300,1960s
15,Murcia,181.56,3,2025-02-20,e629fa6598d732768f7c726b4b621285f9c3b85303900aa912017db7617d8bdb,300,1970s
16,Valladolid,521.5,0,2025-02-08,b17ef6d19c7a5b1ee83b907c595526dcb1eb06db8227d650d5dda0a9f4ce8cd9,470,2000s
17,Bilbao,581.85,9,2024-12-22,4523540f1504cd17100c4835e85b7eefd49911580f8efff0599a8f283be6b9e3,480,1970s
18,Sevilla,59.74,1,2024-12-05,4ec9599fc203d176a301536c2e091a19bc852759b255bd6818810a42c5fed14a,410,2000s
19,Zaragoza,138.47,5,2025-01-30,9400f1b21cb527d7fa3d3eabba93557a18ebe7a2ca4e471cfe5e4c5b4ca7f767,500,1990s
20,Sevilla,313.41,2,2025-01-16,f5ca38f748a1d6eaf726b8a42fb575c3c71f1864a8143301782de13da2d9202b,410,1960s
21,Bilbao,80.08,2,2025-01-27,6f4b6612125fb3a0daecd2799dfd6c9c299424fd920f9b308110a2c1fbd8f443,480,1960s
22,Valladolid,545.1,0,2025-02-18,785f3ec7eb32f30b90cd0fcf3657d388b5ff4297f2f9716ff66e9b69c05ddd09,470,1980s
23,Madrid,63.64,2,2024-12-22,535fa30d7e25dd8a49f1536779734ec8286108d115da5045d77f3b4185d8f790,280,1990s
24,Zaragoza,415.6,10,2025-02-16,c2356069e9d1e79ca924378153cfbbfb4d4416b1f99d41a2940bfdb66c5319db,500,1960s
25,Zaragoza,485.3,3,2025-01-26,b7a56873cd771f2c446d369b649430b65a756ba278ff97ec81bb6f55b2e73569,500,1970s
26,Málaga,402.82,6,2025-01-18,5f9c4ab08cac7457e9111a30e4664920607ea2c115a1433d7be98e97e64244ca,290,1980s
27,Valencia,42.19,9,2025-01-05,670671cd97404156226e507973f2ab8330d3022ca96e0c93bdbdb320c41adcaf,460,1980s
28,Murcia,321.55,8,2024-12-04,59e19706d51d39f66711c2653cd7eb1291c94d9b55eb14bda74ce4dc636d015a,300,1960s
29,Murcia,253.39,4,2024-12-21,35135aaa6cc23891b40cb3f378c53a17a1127210ce60e125ccf03efcfdaec458,300,1980s
30,Bilbao,141.91,9,2024-12-14,624b60c58c9d8bfb6ff1886c2fd605d2adeb6ea4da576068201b6c6958ce93f4,480,1960s
31,Sevilla,410.22,3,2025-02-04,eb1e33e8a81b697b75855af6bfcdbcbf7cbbde9f94962ceaec1ed8af21f5a50f,410,1990s
32,Murcia,251.8,2,2024-12-08,e29c9c180c6279b0b02abd6a1801c7c04082cf486ec027aa13515e4f3884bb6b,300,1970s
33,Valladolid,484.82,10,2024-12-24,c6f3ac57944a531490cd39902d0f777715fd005efac9a30622d5f5205e7f6894,470,1970s
34,Valladolid,456.03,10,2025-01-25,86e50149658661312a9e0b35558d84f6c6d3da797f552a9657fe0558ca40cdef,470,2000s
35,Sevilla,107.48,6,2024-12-03,9f14025af0065b30e47e23ebb3b491d39ae8ed17d33739e5ff3827ffb3634953,410,1980s
36,Murcia,544.81,9,2024-12-02,76a50887d8f1c2e9301755428990ad81479ee21c25b43215cf524541e0503269,300,1970s
37,Valladolid,178.3,7,2025-02-26,7a61b53701befdae0eeeffaecc73f14e20b537bb0f8b91ad7c2936dc63562b25,470,1970s
38,Sevilla,98.71,7,2025-02-06,aea92132c4cbeb263e6ac2bf6c183b5d81737f179f21efdc5863739672f0f470,410,1960s
39,Bilbao,292.78,8,2025-02-23,0b918943df0962bc7a1824c0555a389347b4febdc7cf9d1254406d80ce44e3f9,480,1990s
40,Valencia,408.29,9,2025-02-02,d59eced1ded07f84c145592f65bdf854358e009c5cd705f5215bf18697fed103,460,1980s
41,Bilbao,412.86,6,2025-01-10,3d914f9348c9cc0ff8a79716700b9fcd4d2f3e711608004eb8f138bcba7f14d9,480,1960s
42,Murcia,234.93,8,2024-12-09,73475cb40a568e8da8a045ced110137e159f890ac4da883b6b17dc651b3a8049,300,1990s
43,Bilbao,488.76,8,2024-12-30,44cb730c420480a0477b505ae68af508fb90f96cf0ec54c6ad16949dd427f13a,480,1970s
44,Murcia,36.65,5,2025-02-06,71ee45a3c0db9a9865f7313dd3372cf60dca6479d46261f3542eb9346e4a04d6,300,2000s
45,Sevilla,437.64,7,2024-12-20,811786ad1ae74adfdd20dd0372abaaebc6246e343aebd01da0bfc4c02bf0106c,410,1970s
46,Zaragoza,341.01,5,2025-01-06,25fc0e7096fc653718202dc30b0c580b8ab87eac11a700cba03a7c021bc35b0c,500,1980s
47,Sevilla,131.09,7,2025-01-25,31489056e0916d59fe3add79e63f095af3ffb81604691f21cad442a85c7be617,410,1980s
48,Madrid,93.42,0,2025-02-23,98010bd9270f9b100b6214a21754fd33bdc8d41b2bc9f9dd16ff54d3c34ffd71,280,1980s
49,Zaragoza,579.99,4,2024-12-30,0e17daca5f3e175f448bacace3bc0da47d0655a74c8dd0dc497a3afbdad95f1f,500,1990s
50,Sevilla,88.7,6,2024-12-14,1a6562590ef19d1045d06c4055742d38288e9e6dcd71ccde5cee80f1d5a774eb,410,1980s
51,Madrid,576.86,1,2025-02-03,031b4af5197ec30a926f48cf40e11a7dbc470048a21e4003b7a3c07c5dab1baa,280,1980s
52,Valladolid,364.41,4,2025-02-25,41cfc0d1f2d127b04555b7246d84019b4d27710a3f3aff6e7764375b1e06e05d,470,1990s
53,Málaga,546.88,2,2025-02-20,2858dcd1057d3eae7f7d5f782167e24b61153c01551450a628cee722509f6529,290,1970s
54,Bilbao,333.19,7,2025-02-19,2fca346db656187102ce806ac732e06a62df0dbb2829e511a770556d398e1a6e,480,1990s
55,Bilbao,43.33,2,2024-12-31,02d20bbd7e394ad5999a4cebabac9619732c343a4cac99470c03e23ba2bdc2bc,480,1960s
56,Zaragoza,408.68,2,2025-01-18,7688b6ef52555962d008fff894223582c484517cea7da49ee67800adc7fc8866,500,1990s
57,Sevilla,521.65,0,2024-12-07,c837649cce43f2729138e72cc315207057ac82599a59be72765a477f22d14a54,410,1980s
58,Málaga,338.55,4,2025-01-04,6208ef0f7750c111548cf90b6ea1d0d0a66f6bff40dbef07cb45ec436263c7d6,290,1960s
59,Sevilla,595.51,1,2025-01-01,3e1e967e9b793e908f8eae83c74dba9bcccce6a5535b4b462bd9994537bfe15c,410,1990s
60,Valencia,130.55,9,2024-12-26,39fa9ec190eee7b6f4dff1100d6343e10918d044c75eac8f9e9a2596173f80c9,460,2000s
61,Valencia,332.38,5,2025-01-18,d029fa3a95e174a19934857f535eb9427d967218a36ea014b70ad704bc6c8d1c,460,2000s
62,Madrid,451.93,6,2025-01-11,81b8a03f97e8787c53fe1a86bda042b6f0de9b0ec9c09357e107c99ba4d6948a,280,1990s
63,Madrid,257.79,10,2025-02-10,da4ea2a5506f2693eae190d9360a1f31793c98a1adade51d93533a6f520ace1c,280,2000s
64,Valladolid,40.82,1,2025-01-30,a68b412c4282555f15546cf6e1fc42893b7e07f271557ceb021821098dd66c1b,470,1980s
65,Zaragoza,190.15,5,2025-01-05,108c995b953c8a35561103e2014cf828eb654a99e310f87fab94c2f4b7d2a04f,500,1960s
66,Málaga,549.44,2,2025-01-31,3ada92f28b4ceda38562ebf047c6ff05400d4c572352a1142eedfef67d21e662,290,1990s
67,Zaragoza,193.51,6,2024-12-03,49d180ecf56132819571bf39d9b7b342522a2ac6d23c1418d3338251bfe469c8,500,1990s
68,Bilbao,191.23,10,2025-01-10,a21855da08cb102d1d217c53dc5824a3a795c1c1a44e971bf01ab9da3a2acbbf,480,1990s
69,Málaga,413.1,10,2024-12-04,c75cb66ae28d8ebc6eded002c28a8ba0d06d3a78c6b5cbf9b2ade051f0775ac4,290,1970s
70,Zaragoza,260.99,3,2025-02-13,ff5a1ae012afa5d4c889c50ad427aaf545d31a4fac04ffc1c4d03d403ba4250a,500,1980s
71,Valladolid,101.64,3,2024-12-05,7f2253d7e228b22a08bda1f09c516f6fead81df6536eb02fa991a34bb38d9be8,470,1970s
72,Bilbao,240.99,10,2025-01-13,8722616204217eddb39e7df969e0698aed8e599ba62ed2de1ce49b03ade0fede,480,1990s
73,Bilbao,256.81,2,2025-02-24,96061e92f58e4bdcdee73df36183fe3ac64747c81c26f6c83aada8d2aabb1864,480,2000s
74,Murcia,450.52,2,2025-01-07,eb624dbe56eb6620ae62080c10a273cab73ae8eca98ab17b731446a31c79393a,300,1990s
75,Zaragoza,588.94,5,2024-12-22,f369cb89fc627e668987007d121ed1eacdc01db9e28f8bb26f358b7d8c4f08ac,500,1980s
76,Madrid,161.27,2,2024-12-19,f74efabef12ea619e30b79bddef89cffa9dda494761681ca862cff2871a85980,280,1960s
77,Bilbao,592.77,8,2025-01-28,a88a7902cb4ef697ba0b6759c50e8c10297ff58f942243de19b984841bfe1f73,480,1960s
78,Bilbao,93.52,6,2024-12-24,349c41201b62db851192665c504b350ff98c6b45fb62a8a2161f78b6534d8de9,480,1970s
79,Madrid,194.95,10,2025-02-26,98a3ab7c340e8a033e7b37b6ef9428751581760af67bbab2b9e05d4964a8874a,280,1970s
80,Sevilla,179.51,10,2024-12-17,48449a14a4ff7d79bb7a1b6f3d488eba397c36ef25634c111b49baf362511afc,410,1970s
81,Sevilla,269.44,3,2025-01-08,5316ca1c5ddca8e6ceccfce58f3b8540e540ee22f6180fb89492904051b3d531,410,1960s
82,Valladolid,72.91,1,2025-02-18,a46e37632fa6ca51a13fe39a567b3c23b28c2f47d8af6be9bd63e030e214ba38,470,1970s
83,Murcia,526.69,6,2025-02-23,bbb965ab0c80d6538cf2184babad2a564a010376712012bd07b0af92dcd3097d,300,1970s
84,Sevilla,510.32,5,2025-02-15,44c8031cb036a7350d8b9b8603af662a4b9cdbd2f96e8d5de5af435c9c35da69,410,1980s
85,Madrid,178.5,4,2025-01-17,b4944c6ff08dc6f43da2e9c824669b7d927dd1fa976fadc7b456881f51bf5ccc,280,1980s
86,Murcia,283.11,2,2025-01-13,434c9b5ae514646bbd91b50032ca579efec8f22bf0b4aac12e65997c418e0dd6,300,1970s
87,Bilbao,403.92,7,2024-12-14,bdd2d3af3a5a1213497d4f1f7bfcda898274fe9cb5401bbc0190885664708fc2,480,1960s
88,Bilbao,147.9,9,2025-02-22,8b940be7fb78aaa6b6567dd7a3987996947460df1c668e698eb92ca77e425349,480,2000s
89,Murcia,94.93,8,2024-12-01,cd70bea023f752a0564abb6ed08d42c1440f2e33e29914e55e0be1595e24f45a,300,2000s
90,Zaragoza,268.98,6,2024-12-01,69f59c273b6e669ac32a6dd5e1b2cb63333d8b004f9696447aee2d422ce63763,500,1960s
91,Murcia,161.12,9,2025-01-09,1da51b8d8ff98f6a48f80ae79fe3ca6c26e1abb7b7d125259255d6d2b875ea08,300,1960s
92,Málaga,223.64,10,2025-02-11,8241649609f88ccd2a0a5b233a07a538ec313ff6adf695aa44a969dbca39f67d,290,1970s
93,Valladolid,460.73,7,2024-12-04,6e4001871c0cf27c7634ef1dc478408f642410fd3a444e2a88e301f5c4a35a4d,470,2000s
94,Madrid,314.26,4,2025-01-01,e3d6c4d4599e00882384ca981ee287ed961fa5f3828e2adb5e9ea890ab0d0525,280,1980s
95,Valladolid,341.5,0,2025-01-03,ad48ff99415b2f007dc35b7eb553fd1eb35ebfa2f2f308acd9488eeb86f71fa8,470,1990s
96,Sevilla,42.7,7,2025-01-04,7b1a278f5abe8e9da907fc9c29dfd432d60dc76e17b0fabab659d2a508bc65c4,410,1990s
97,Zaragoza,211.22,8,2024-12-05,d6d824abba4afde81129c71dea75b8100e96338da5f416d2f69088f1960cb091,500,1960s
98,Murcia,365.12,1,2025-01-21,29db0c6782dbd5000559ef4d9e953e300e2b479eed26d887ef3f92b921c06a67,300,1980s
99,Bilbao,571.68,5,2024-12-29,8c1f1046219ddd216a023f792356ddf127fce372a72ec9b4cdac989ee5b0b455,480,1990s
100,Zaragoza,96.01,6,2025-02-10,ad57366865126e55649ecb23ae1d48887544976efea46a48eb5d85a6eeb4d306,500,1960s
101,Valladolid,329.73,4,2024-12-31,16dc368a89b428b2485484313ba67a3912ca03f2b2b42429174a4f8b3dc84e44,470,1980s
102,Málaga,526.34,0,2024-12-09,37834f2f25762f23e1f74a531cbe445db73d6765ebe60878a7dfbecd7d4af6e1,290,1970s
103,Valencia,73.19,3,2025-01-03,454f63ac30c8322997ef025edff6abd23e0dbe7b8a3d5126a894e4a168c1b59b,460,2000s
104,Málaga,204.84,1,2024-12-08,5ef6fdf32513aa7cd11f72beccf132b9224d33f271471fff402742887a171edf,290,1990s
105,Sevilla,168.44,2,2024-12-21,1253e9373e781b7500266caa55150e08e210bc8cd8cc70d89985e3600155e860,410,1960s
106,Valladolid,84.3,7,2024-12-15,482d9673cfee5de391f97fde4d1c84f9f8d6f2cf0784fcffb958b4032de7236c,470,1990s
107,Málaga,128.64,10,2025-02-19,3346f2bbf6c34bd2dbe28bd1bb657d0e9c37392a1d5ec9929e6a5df4763ddc2d,290,1990s
108,Madrid,589.0,4,2025-02-27,9537f32ec7599e1ae953af6c9f929fe747ff9dadf79a9beff1f304c550173011,280,2000s
109,Valencia,588.88,7,2024-12-11,0fd42b3f73c448b34940b339f87d07adf116b05c0227aad72e8f0ee90533e699,460,1990s
110,Bilbao,250.97,8,2024-12-31,9bdb2af6799204a299c603994b8e400e4b1fd625efdb74066cc869fee42c9df3,480,1980s
111,Murcia,275.05,6,2025-01-17,f6e0a1e2ac41945a9aa7ff8a8aaa0cebc12a3bcc981a929ad5cf810a090e11ae,300,1990s
112,Bilbao,79.51,5,2024-12-07,b1556dea32e9d0cdbfed038fd7787275775ea40939c146a64e205bcb349ad02f,480,1970s
113,Murcia,390.89,0,2025-02-20,6c658ee83fb7e812482494f3e416a876f63f418a0b8a1f5e76d47ee4177035cb,300,1990s
114,Málaga,230.05,9,2025-02-25,9f1f9dce319c4700ef28ec8c53bd3cc8e6abe64c68385479ab89215806a5bdd6,290,1960s
115,Murcia,396.75,3,2025-02-15,28dae7c8bde2f3ca608f86d0e16a214dee74c74bee011cdfdd46bc04b655bc14,300,1990s
116,Bilbao,551.56,7,2025-02-04,e5b861a6d8a966dfca7e7341cd3eb6be9901688d547a72ebed0b1f5e14f3d08d,480,1970s
117,Bilbao,432.85,10,2025-02-07,2ac878b0e2180616993b4b6aa71e61166fdc86c28d47e359d0ee537eb11d46d3,480,1980s
118,Valladolid,95.27,1,2025-02-21,85daaf6f7055cd5736287faed9603d712920092c4f8fd0097ec3b650bf27530e,470,1990s
119,Valladolid,414.46,5,2025-02-13,3038bfb575bee6a0e61945eff8784835bb2c720634e42734678c083994b7f018,470,1960s
120,Valencia,207.14,3,2025-01-16,2abaca4911e68fa9bfbf3482ee797fd5b9045b841fdff7253557c5fe15de6477,460,1980s
121,Valencia,119.3,9,2024-12-14,89aa1e580023722db67646e8149eb246c748e180e34a1cf679ab0b41a416d904,460,1960s
122,Madrid,535.62,8,2025-01-23,1be00341082e25c4e251ca6713e767f7131a2823b0052caf9c9b006ec512f6cb,280,1990s
123,Valladolid,138.33,9,2025-02-11,a665a45920422f9d417e4867efdc4fb8a04a1f3fff1fa07e998e86f7f7a27ae3,470,1990s
124,Valladolid,175.13,3,2025-02-11,6affdae3b3c1aa6aa7689e9b6a7b3225a636aa1ac0025f490cca1285ceaf1487,470,1980s
125,Málaga,308.99,8,2025-01-01,0f8ef3377b30fc47f96b48247f463a726a802f62f3faa03d56403751d2f66c67,290,1980s
126,Madrid,183.19,9,2024-12-08,65a699905c02619370bcf9207f5a477c3d67130ca71ec6f750e07fe8d510b084,280,1990s
127,Madrid,49.67,8,2025-02-05,922c7954216ccfe7a61def609305ce1dc7c67e225f873f256d30d7a8ee4f404c,280,1990s
128,Valencia,248.46,5,2024-12-20,2747b7c718564ba5f066f0523b03e17f6a496b06851333d2d59ab6d863225848,460,1970s
129,Zaragoza,321.21,2,2024-12-14,6566230e3a3ce3774c1bbc7c18b590ae0f457bbcd511e90e3e7dca2a02e7addc,500,1970s
130,Valladolid,346.5,7,2025-02-27,38d66d9692ac590000a91b03a88da1c88d51fab2b78f63171f553ecc551a0c6f,470,1990s
131,Madrid,298.66,8,2024-12-11,eeca91fd439b6d5e827e8fda7fee35046f2def93508637483f6be8a2df7a4392,280,1980s
132,Murcia,259.52,3,2025-01-08,dbb1ded63bc70732626c5dfe6c7f50ced3d560e970f30b15335ac290358748f6,300,1980s
133,Zaragoza,286.6,8,2025-01-17,d2f483672c0239f6d7dd3c9ecee6deacbcd59185855625902a8b1c1a3bd67440,500,1990s
134,Bilbao,428.84,7,2025-01-20,5d389f5e2e34c6b0bad96581c22cee0be36dcf627cd73af4d4cccacd9ef40cc3,480,1980s
135,Valencia,44.4,1,2025-01-16,13671077b66a29874a2578b5240319092ef2a1043228e433e9b006b5e53e7513,460,1990s
136,Málaga,49.44,8,2025-02-01,36ebe205bcdfc499a25e6923f4450fa8d48196ceb4fa0ce077d9d8ec4a36926d,290,1960s
137,Murcia,562.32,7,2024-12-30,d80eae6e96d148b3b2abbbc6760077b66c4ea071f847dab573d507a32c4d99a5,300,1970s
138,Murcia,561.68,0,2025-01-10,d6a4031733610bb080d0bfa794fcc9dbdcff74834aeaab7c6b927e21e9754037,300,1970s
139,Valladolid,335.11,7,2025-02-12,8d27ba37c5d810106b55f3fd6cdb35842007e88754184bfc0e6035f9bcede633,470,1980s
140,Zaragoza,349.31,3,2025-02-07,dbae772db29058a88f9bd830e957c695347c41b6162a7eb9a9ea13def34be56b,500,1960s
141,Zaragoza,23.96,6,2025-01-30,2c7d5490e6050836f8f2f0d496b1c8d6a38d4ffac2b898e6e77751bdcd20ebf5,500,2000s
142,Sevilla,197.95,6,2024-12-04,d4ee9f58e5860574ca98e3b4839391e7a356328d4bd6afecefc2381df5f5b41b,410,1960s
143,Valladolid,593.53,5,2025-01-07,d6f0c71ef0c88e45e4b3a2118fcb83b0def392d759c901e9d755d0e879028727,470,1970s
144,Sevilla,55.82,8,2024-12-27,5ec1a0c99d428601ce42b407ae9c675e0836a8ba591c8ca6e2a2cf5563d97ff0,410,1990s
145,Sevilla,489.04,7,2025-02-13,be47addbcb8f60566a3d7fd5a36f8195798e2848b368195d9a5d20e007c59a0c,410,2000s
146,Madrid,355.42,0,2025-01-06,0a5b046d07f6f971b7776de682f57c5b9cdc8fa060db7ef59de82e721c8098f4,280,1980s
147,Murcia,595.86,6,2025-01-03,1d28c120568c10e19b9d8abe8b66d0983fa3d2e11ee7751aca50f83c6f4a43aa,300,1970s
148,Málaga,458.58,4,2025-01-01,ec2e990b934dde55cb87300629cedfc21b15cd28bbcf77d8bbdc55359d7689da,290,1970s
149,Sevilla,489.5,6,2024-12-13,05ada863a4cf9660fd8c68e2295f1d35b2264815f5b605003d6625bd9e0492cf,410,1970s
150,Madrid,274.6,8,2025-02-02,9ae2bdd7beedc2e766c6b76585530e16925115707dc7a06ab5ee4aa2776b2c7b,280,1980s
151,Bilbao,591.7,8,2025-02-01,8e612bd1f5d132a339575b8dafb7842c64614e56bcf3d5ab65a0bc4b34329407,480,1980s
152,Zaragoza,409.38,8,2025-01-20,043066daf2109523a7490d4bfad4766da5719950a2b5f96d192fc0537e84f32a,500,1960s
153,Valencia,550.55,8,2025-01-08,620c9c332101a5bae955c66ae72268fbcd3972766179522c8deede6a249addb7,460,1980s
154,Zaragoza,330.67,3,2025-02-23,1d0ebea552eb43d0b1e1561f6de8ae92e3de7f1abec52399244d1caed7dbdfa6,500,2000s
155,Málaga,195.85,0,2025-02-02,210e3b160c355818509425b9d9e9fd3ea2e287f2c43a13e5be8817140db0b9e6,290,2000s
156,Murcia,329.52,5,2025-01-21,0fecf9247f3ddc84db8a804fa3065c013baf6b7c2458c2ba2bf56c2e1d42ddd4,300,1980s
157,Murcia,346.26,3,2025-02-11,c75de23d89df36ba921287616ee8edb4c986e328a78e033e57c1e5e2b59c838e,300,1980s
158,Murcia,503.35,7,2024-12-21,7ed8f0f3b707956d9fb1e889e11153e0aa0a854983081d262fbe5eede32da7ca,300,1980s
159,Valencia,323.89,1,2024-12-06,ff2ccb6ba423d356bd549ed4bfb76e96976a0dcde05a09996a1cdb9f83422ec4,460,2000s
160,Zaragoza,378.34,10,2024-12-13,a512db2741cd20693e4b16f19891e72b9ff12cead72761fc5e92d2aaf34740c1,500,2000s
161,Bilbao,311.29,10,2025-01-05,bb668ca95563216088b98a62557fa1e26802563f3919ac78ae30533bb9ed422c,480,1980s
162,Bilbao,65.83,6,2025-01-02,79d6eaa2676189eb927f2e16a70091474078e2117c3fc607d35cdc6b591ef355,480,1990s
163,Madrid,427.65,1,2024-12-28,3d3286f7cd19074f04e514b0c6c237e757513fb32820698b790e1dec801d947a,280,2000s
164,Madrid,416.97,4,2024-12-22,3f9807cb9ae9fb6c30942af6139909d27753a5e03fe5a5c6e93b014f5b17366f,280,1980s
165,Valencia,348.68,6,2024-12-05,bc52dd634277c4a34a2d6210994a9a5e2ab6d33bb4a3a8963410e00ca6c15a02,460,1980s
166,Sevilla,371.0,9,2024-12-15,e0f05da93a0f5a86a3be5fc0e301606513c9f7e59dac2357348aa0f2f47db984,410,1980s
167,Valencia,69.7,9,2025-01-23,73d3f1ba062585bce51f77d70a26be88c44b55d70f81b8bd7e2ded030ca4454a,460,1990s
168,Sevilla,566.92,7,2025-01-14,80c3cd40fa35f9088b8741bd8be6153de05f661cfeeb4625ffbf5f4a6c3c02c4,410,1960s
169,Sevilla,71.98,8,2025-02-18,f57e5cb1f4532c008183057ecc94283801fcb5afe2d1c190e3dfd38c4da08042,410,1990s
170,Valencia,118.31,4,2025-01-22,734d0759cdb4e0d0a35e4fd73749aee287e4fdcc8648b71a8d6ed591b7d4cb3f,460,1980s
171,Zaragoza,567.65,10,2024-12-28,284de502c9847342318c17d474733ef468fbdbe252cddf6e4b4be0676706d9d0,500,1960s
172,Zaragoza,214.15,10,2024-12-15,68519a9eca55c68c72658a2a1716aac3788c289859d46d6f5c3f14760fa37c9e,500,1990s
173,Valladolid,473.55,5,2025-01-12,4a8596a7790b5ca9e067da401c018b3206befbcf95c38121854d1a0158e7678a,470,1980s
174,Valladolid,141.6,4,2024-12-03,41e521adf8ae7a0f419ee06e1d9fb794162369237b46f64bf5b2b9969b0bcd2e,470,1960s
175,Valladolid,297.96,6,2024-12-23,dac53c17c250fd4d4d81eaf6d88435676dac1f3f3896441e277af839bf50ed8a,470,1960s
176,Valencia,346.67,10,2024-12-05,cba28b89eb859497f544956d64cf2ecf29b76fe2ef7175b33ea59e64293a4461,460,1990s
177,Valladolid,246.86,10,2024-12-16,8cd2510271575d8430c05368315a87b9c4784c7389a47496080c1e615a2a00b6,470,1970s
178,Zaragoza,218.98,3,2024-12-25,01d54579da446ae1e75cda808cd188438834fa6249b151269db0f9123c9ddc61,500,1970s
179,Madrid,395.82,10,2025-02-08,3068430da9e4b7a674184035643d9e19af3dc7483e31cc03b35f75268401df77,280,1970s
180,Valencia,391.48,6,2025-01-10,7b69759630f869f2723875f873935fed29d2d12b10ef763c1c33b8e0004cb405,460,1990s
181,Sevilla,483.71,8,2025-02-06,580811fa95269f3ecd4f22d176e079d36093573680b6ef66fa341e687a15b5da,410,1980s
182,Murcia,86.25,5,2025-01-02,bfa7634640c53da7cb5e9c39031128c4e583399f936896f27f999f1d58d7b37e,300,1990s
183,Sevilla,236.52,2,2024-12-26,b8aed072d29403ece56ae9641638ddd50d420f950bde0eefc092ee8879554141,410,1980s
184,Valencia,187.52,2,2025-01-20,52f11620e397f867b7d9f19e48caeb64658356a6b5d17138c00dd9feaf5d7ad6,460,1970s
185,Valladolid,417.12,6,2024-12-01,61a229bae1e90331edd986b6bbbe617f7035de88a5bf7c018c3add6c762a6e8d,470,2000s
186,Bilbao,472.83,9,2024-12-28,2811745d7b8d8874f6e653d176cefdd19e05e920ce389b9b7e83e5b2dfa546c7,480,1980s
187,Málaga,79.4,10,2025-01-29,38b2d03f3256502b1e9db02b2d12aa27a46033ffe6d8c0ef0f2cf6b1530be9d8,290,1990s
188,Murcia,377.37,3,2025-02-03,d6061bbee6cf13bd73765faaea7cdd0af1323e4b125342ac346047f7c4bda1fc,300,1990s
189,Bilbao,591.58,10,2025-02-17,7045d16ae7f043ec25774a0a85d6f479e5bb019e9c5a1584bc76736d116b8f33,480,1980s
190,Valladolid,354.91,4,2024-12-11,2397346b45823e070f6fc72ac94c0a999d234c472479f0e26b30cdf5942db854,470,1990s
191,Zaragoza,21.43,1,2025-01-02,70260742c2952154c84e2ea9f68b1a7397f49b6d343da1ed284093c0bd72c742,500,2000s
192,Zaragoza,355.2,9,2024-12-29,eb3be230bbd2844b1f5d8f2e4fab9ffba8ab22cfeeb69c4c1361993ba4f377b9,500,1980s
193,Murcia,597.5,2,2024-12-08,684fe39f03758de6a882ae61fa62312b67e5b1e665928cbf3dc3d8f4f53e3562,300,1960s
194,Bilbao,425.68,3,2025-01-06,7559ca4a957c8c82ba04781cd66a68d6022229fca0e8e88d8e487c96ee4446d0,480,1990s
195,Madrid,423.45,1,2025-01-06,1dfacb2ea5a03e0a915999e03b5a56196f1b1664d2f768d1b7eff60ac059789d,280,1990s
196,Valencia,468.61,2,2024-12-09,b4bbe448fde336bb6a7d7d765f36d3327c772b845e7b54c8282aa08c9775ddd7,460,1980s
197,Murcia,418.21,3,2025-02-18,8bcbb4c131df56f7c79066016241cc4bdf4e58db55c4f674e88b22365bd2e2ad,300,1970s
198,Sevilla,340.97,9,2024-12-14,a4e00d7e6aa82111575438c5e5d3e63269d4c475c718b2389f6d02932c47f8a6,410,1980s
199,Málaga,243.81,3,2024-12-28,5a39cadd1b007093db50744797c7a04a34f73b35ed444704206705b02597d6fd,290,1960s
200,Valencia,573.58,1,2025-02-27,27badc983df1780b60c2b3fa9d3a19a00e46aac798451f0febdca52920faaddf,460,1990s
201,Murcia,427.05,1,2024-12-10,43974ed74066b207c30ffd0fed5146762e6c60745ac977004bc14507c7c42b50,300,2000s
202,Zaragoza,360.13,10,2024-12-04,c17edaae86e4016a583e098582f6dbf3eccade8ef83747df9ba617ded9d31309,500,1970s
203,Bilbao,450.18,2,2025-02-14,4621c1d55fa4e86ce0dae4288302641baac86dd53f76227c892df9d300682d41,480,1960s
204,Valencia,445.1,1,2025-02-26,fc56dbc6d4652b315b86b71c8d688c1ccdea9c5f1fd07763d2659fde2e2fc49a,460,1990s
205,Zaragoza,309.77,9,2025-02-08,f8809aff4d69bece79dabe35be0c708b890d7eafb841f121330667b77d2e2590,500,2000s
206,Málaga,293.62,6,2025-02-10,5cf4e26bd3d87da5e03f80a43a64f1220a1f4ba9e1d6348caea83c06353c3f39,290,1960s
207,Zaragoza,311.18,0,2025-02-07,968076be2e38cf897d4d6cea3faca9c037e1a4e3b4b7744fb2533e07751bd30a,500,1960s
208,Madrid,136.39,9,2025-01-22,8df66f64b57424391d363fd6b811fed3c430c77597da265025728bd637bad804,280,2000s
209,Murcia,155.14,5,2024-12-10,83f814f7a92e365cbd79f9addceed185761a8d38a06a2d4350bb1fe4b7632b34,300,1960s
210,Madrid,432.76,1,2025-02-24,d29d53701d3c859e29e1b90028eec1ca8e2f29439198b6e036c60951fb458aa1,280,2000s
211,Sevilla,272.29,2,2025-01-30,093434a3ee9e0a010bb2c2aae06c2614dd24894062a1caf26718a01e175569b8,410,1990s
212,Valencia,110.14,2,2025-01-03,fa2b7af0a811b9acde602aacb78e3638e8506dfead5fe6c3425b10b526f94bdd,460,1970s
213,Sevilla,111.42,10,2025-01-22,d48ff4b2f68a10fd7c86f185a6ccede0dc0f2c48538d697cb33b6ada3f1e85db,410,1980s
214,Bilbao,495.65,2,2025-02-26,802b906a18591ead8a6dd809b262ace4c65c16e89764c40ae326cfcff811e10c,480,1960s
215,Madrid,95.81,6,2025-01-13,d86580a57f7bf542e85202283cb845953c9d28f80a8e651db08b2fc0b2d6a731,280,1960s
216,Zaragoza,44.76,7,2025-02-23,0f4121d0ef1df4c86854c7ebb47ae1c93de8aec8f944035eeaa6495dd71a0678,500,1960s
217,Valencia,182.32,2,2025-02-25,16badfc6202cb3f8889e0f2779b19218af4cbb736e56acadce8148aba9a7a9f8,460,1970s
218,Bilbao,99.6,3,2024-12-09,5966abd0cbfc86f98a186531b2b4ee5f6e910120ce13222f98207203dfc9a9a2,480,1960s
219,Zaragoza,176.85,0,2025-01-20,314f04b30f62e0056bd059354a5536fb2e302107eed143b5fa2aa0bbba07f608,500,2000s
220,Sevilla,400.98,4,2024-12-23,36790ecd55c2030dc553685bef719df653f413a20cdad1bfd1dc934c76686ddd,410,1970s
221,Madrid,569.58,9,2025-02-11,67e9c3acebb154a282f326d4ff1951cd1f342e58e74d562b556b517da5e56132,280,1990s
222,Málaga,325.34,0,2025-01-18,9b871512327c09ce91dd649b3f96a63b7408ef267c8cc5710114e629730cb61f,290,1980s
223,Sevilla,577.12,5,2024-12-01,56f4da26ed956730309fa1488611ee0f13b0ac95ebb1bc9b5d210e31ff70e79c,410,1970s
224,Valencia,149.48,9,2025-02-07,84a5092e4a5b6fe968fd523fb2fc917dbffae44105f82b6b94c8ed5b9a800223,460,1980s
225,Zaragoza,148.12,9,2025-02-16,0e6523810856a138a75dec70a9cf3778a5c70b83ac915f22c33f05db97cb3e68,500,1970s
226,Madrid,141.62,1,2025-01-16,8f1f64db81c40ea10e1e9080c9ae60a7acb8925968c431ee16784dea9841c66f,280,2000s
227,Zaragoza,237.7,7,2024-12-18,dfe62e836a0a6f2633422230c81287700a56e2639652c73f264e6562220c207a,500,1990s
228,Zaragoza,535.0,2,2025-02-20,9d693eeee1d1899cbc50b6d45df953d3835acf28ee869879b45565fccc814765,500,1960s
229,Valencia,78.73,3,2025-02-05,08490295488a1189099751ebeddb5992313dd2a831e07a92e66d196ddc261777,460,1990s
230,Valencia,229.28,6,2025-02-18,a0eaec5a55dc2f5b2ba523018adc485ff620b9d83509b9f37186a7716e438d21,460,2000s
231,Sevilla,475.23,7,2024-12-29,138d9e809e386a7b800791d1f664f56d1c55f3d1ba411b950862729bc486c5ce,410,2000s
232,Bilbao,289.73,3,2025-01-26,835d5e8314340ab852a2f979ab4cd53e994dbe38366afb6eed84fe4957b980c8,480,1960s
233,Murcia,262.81,8,2024-12-04,c0509a487a18b003ba05e505419ebb63e57a29158073e381f57160b5c5b86426,300,1960s
234,Sevilla,120.27,2,2025-02-02,114bd151f8fb0c58642d2170da4ae7d7c57977260ac2cc8905306cab6b2acabc,410,1970s
235,Sevilla,245.1,6,2024-12-21,0a2d643bfd24a028cd236e76575d828424ccffbfa47392bd09d8ca9dc85e2f8d,410,1980s
236,Valencia,348.62,9,2025-02-17,9a049b03f6fc40bfcf2f136320359257ed4af8513f71aa6fef47f17059bbae23,460,1990s
237,Madrid,179.74,2,2024-12-12,f0bc318fb8965cad8d73d578cd03c63b7987dc6a79b906aada091e1b6a13443f,280,2000s
238,Zaragoza,200.35,7,2024-12-02,8ae4c23b80d1e7c8ff79e515fe791ebd68190bae842dda7af193db125f700452,500,1960s
239,Valladolid,549.79,6,2024-12-29,79bf08685d3138f9b109c3546780f056bc954fd69377b84a2cf23622e464897b,470,1970s
240,Valencia,527.6,3,2025-02-22,6af1f692e9496c6d0b668316eccb93276ae6b6774fa728aac31ff40a38318760,460,1960s
241,Sevilla,160.32,7,2024-12-15,749fc650cacb0f06547520d53c31505c8156e0a3be07073eddb2ef3ad9e383ba,410,1990s
242,Madrid,48.8,9,2025-02-02,14063697603e22d600d336bee6cff12c8be93509ce84a0642918d89b2aef1753,280,1980s
243,Madrid,166.39,4,2024-12-01,72440a20f54075ac43f51a2cf0dbb2a14366b38a5c01b110ae174abc1cb44238,280,1970s
244,Sevilla,316.68,10,2025-01-13,82c01ce15b431d420eb6a1febfba7d7a2b69e5bcdcb929cb42cd3e9179d43fc4,410,1990s
245,Bilbao,400.55,10,2025-01-22,011af72a910ac4acf367eef9e6b761e0980842c30d4e9809840f4141d5163ede,480,1980s
246,Bilbao,546.01,6,2025-01-11,37c20f19f3272b5ccc3a5d80587eb9deb3f4afcf568c4280fb195568da8eb1a2,480,2000s
247,Valencia,190.39,7,2025-02-13,396f804443825586c1283a27fdcadf74abb82008bcd9b260a30912a26563f27d,460,1980s
248,Zaragoza,359.63,7,2025-02-14,766cb53c753baedac5dc782593e04694b3bae3aed057ac2ff98cc1aef6413137,500,1980s
249,Bilbao,51.36,2,2025-02-12,9f484139a27415ae2e8612bf6c65a8101a18eb5e9b7809e74ca63a45a65f17f4,480,1990s
250,Valencia,388.01,0,2025-01-03,1e472b39b105d349bcd069c4a711b44a2fffb8e274714bb07ecfff69a9a7f67b,460,1980s
251,Murcia,579.89,6,2025-03-01,c75d3f1f5bcd6914d0331ce5ec17c0db8f2070a2d4285f8e3ff11c6ca19168ff,300,1990s
252,Málaga,201.01,1,2025-01-11,d6e5a20b30f87216b2c758f5e7a23c437dbc3dfa1ccb177c474de152bb0ef731,290,1980s
253,Murcia,597.37,5,2024-12-29,e7866fdc6672f827c76f6124ca3eeaff44aff8b7caf4ee1469b2ab887e7e7875,300,1990s
254,Valencia,232.62,10,2025-02-25,9512d95d00d61bdec03d2b99d6ecc455ee5644ae52d10e7c4a61c93062dc97a3,460,2000s
255,Murcia,240.55,8,2025-01-28,9556b82499cc0aaf86aee7f0d253e17c61b7ef73d48a295f37d98f08b04ffa7f,300,1970s
256,Murcia,316.72,9,2025-02-14,51e8ea280b44e16934d4d611901f3d3afc41789840acdff81942c2f65009cd52,300,1970s
257,Murcia,113.02,8,2024-12-28,4c970004b0678d439f177e77d3cabdb7e9a44df770948ddc2467cbc76b7211c3,300,1990s
258,Sevilla,439.67,1,2025-01-28,a30f4ef42176d28f0e2293533c5f532e9c9c5696c68813b35315d17edc44f6b1,410,1970s
259,Zaragoza,448.35,1,2025-02-24,7c252ab334fb8fd88e8242c4972c21db9c7ce0b47c9acc4ebfe40c14614cb734,500,1990s
260,Valencia,252.45,7,2025-01-26,39bb88f40d3aa2b2fe9dea67be27c74765db0ebb3ff3cf8fb779af6319fa2045,460,1990s
261,Valladolid,374.57,5,2024-12-13,e888a676e1926d0c08b5f11fb9116df58b62604b05846f39f8d6fc4dd0ba31f1,470,2000s
262,Madrid,465.17,9,2024-12-19,9e6a72557ada15d02001f024f43f06edc4a31437e0e1bb3eeac36ca2d0c4fda7,280,1980s
263,Valencia,26.75,2,2024-12-27,4be84111a613654b362415e563cb7607df7b203b5d303802a8a546061bbc7847,460,1990s
264,Málaga,253.9,3,2025-02-19,bba58959c32abe688d9cb5222b97de973002a67c412d6a8c8d2a79ac692f32b7,290,2000s
265,Sevilla,259.16,8,2024-12-21,768b84ef05f655d57fe22d488451f075365f6cd18a13073466aa826cc0ebdbfb,410,1960s
266,Madrid,509.7,5,2024-12-20,ea5b27556fbb134def2c2fbf944d9cdda3dbdb6b10473a1aec59f6f170c4ca3a,280,1990s
267,Bilbao,322.75,1,2025-02-24,8acc23987b8960d83c44541f9f0eb46454cea080ea94d916f56fccf033db866f,480,1990s
268,Málaga,498.24,3,2025-01-17,8b496bf96bbcc9e5ac11c068b6cfb00c32f9d163bb8a3d5af107217499de997a,290,1990s
269,Madrid,447.0,8,2025-01-05,f747870ae666c39b589f577856a0f7198b3b81269cb0326de86d8046f2cf72db,280,2000s
270,Murcia,588.11,3,2025-01-25,d8d1790737d57ac4fe91a2c0a28087c0a97c81f5dc6b19d5e4aec20c08bb95ae,300,1980s
271,Málaga,141.63,4,2024-12-04,3635a91e3da857f7847f68185a116a5260d2593f3913f6b1b66cc2d75b0d6ec0,290,1980s
272,Bilbao,488.82,8,2025-02-16,1c6c0bb2c7ecdc3be8e134f79b9de45155258c1f554ae7542dce48f5cc8d63f0,480,1990s
273,Madrid,138.32,8,2025-02-25,303c8bd55875dda240897db158acf70afe4226f300757f3518b86e6817c00022,280,1970s
274,Madrid,244.78,10,2025-01-20,718127812c05853f0bec61582a4a3840b1c844fe11fe1a004b5b7eb8b8b59846,280,1980s
275,Málaga,280.31,10,2025-02-20,3a1dfb05d7257530e6349233688c3e121945c5de50f1273a7620537755d61e45,290,1970s
276,Valencia,23.27,7,2024-12-01,c76b405781134be1dab7fe45adfb8c32104805a01de7b863e1004b66d56edf9f,460,1970s
277,Sevilla,324.73,2,2024-12-25,27d719c754aacd492a6dc8a1b76619355abcf5ef473cbec02018d3c57ebbf0d5,410,1990s
278,Zaragoza,229.26,3,2024-12-12,ee62de25ccc2b55d3a0495244b246fb97055b6f1c2697d837b8e94976c03756f,500,1970s
279,Madrid,241.2,1,2025-01-11,efd96aedf377e20afd95285a7c751a864260bd6a149656a4040c5b7757bdbbb6,280,1980s
280,Bilbao,131.66,8,2025-02-19,7f0a22117f8fe0172cf9209ff622b64a51aaeda21d58b5b62685a93dbe2dad25,480,1960s
281,Murcia,493.72,1,2024-12-04,71a1c003a2b855d85582c8f6c7648c49d3fe836408a7e1b5d9b222448acb3c1b,300,1970s
282,Málaga,256.43,7,2024-12-11,27e1615212f3c6ea846ed6c412df1361ce97f006ee20bb5aa2483a3b61d5cadd,290,1960s
283,Sevilla,558.27,1,2025-01-23,e0850a775c17a87060c0cf6efad1020e0cbef5a44ba942bef6add5776598de53,410,1960s
284,Valencia,482.13,8,2025-01-23,1e68ed4e3d58a51096a7feea3947f40debf1fd9246ec977eb62ab93c81823ad9,460,1970s
285,Sevilla,141.83,5,2025-02-02,a0d177b4967a6d99f4ff117defe1c0d23d4e78ca4630febcb948ee9e4520eff3,410,1990s
286,Madrid,287.53,8,2025-02-20,00328ce57bbc14b33bd6695bc8eb32cdf2fb5f3a7d89ec14a42825e15d39df60,280,1970s
287,Sevilla,379.32,3,2025-01-20,d7cdaa5ca0582076c8e772cce739e32c5077cfd24f2ea33f04bb754594989a56,410,1980s
288,Murcia,22.8,3,2025-02-01,23c657f2efda7731a3c1990b25f318fa2eb1332208f97ab9cc2a7eac70ab5a76,300,1980s
289,Sevilla,394.42,1,2025-01-25,af180e4359fc6179dc953abdcbdcaf7c146b53e1bee2b335e50dead11ccefa07,410,2000s
290,Málaga,339.92,8,2024-12-22,09895de0407bcb0386733daa14bdb5dfa544505530c634334a05a60f161b71fc,290,1990s
291,Sevilla,231.04,0,2024-12-07,33512007840ced1bb0aab68f47cb5f702abd494a15f26bcbe26a1e47af03d841,410,2000s
292,Valladolid,43.44,7,2025-01-31,6db6eb4af1e18ab81d3878e44672185d60ca8c988c9e2f7783de220735534c33,470,1970s
293,Madrid,588.74,5,2025-02-16,7cb676d57114874e00c536916e6dcad2a5d3cb8c9a5abc06335df359cd9a6ef9,280,2000s
294,Bilbao,584.15,3,2024-12-25,2cfc8ccbd7c0b17615323b41e815651ff2ae9ffae45a4599c0499b98ff940429,480,1960s
295,Málaga,318.43,4,2025-02-02,9cfd3c755be26b4e1645918e2a64a26e3d851ede421e0b257f783b443bc443d1,290,1970s
296,Valladolid,142.21,2,2024-12-09,a0f8b2c4cb1ac82abdb37f0fe5203b97be556c4468c83bba18684d620fd8eaf9,470,2000s
297,Valencia,116.48,2,2024-12-25,4c15f47afe7f817fd559e12ddbc276f4930c5822f2049088d6f6605bec7cea56,460,1960s
298,Valencia,501.61,9,2025-02-11,76ebdb6d45c61ca12e622118cc90939ade672adf7890aa2b246405d4884dd75a,460,2000s
299,Málaga,243.57,1,2025-02-27,308831041ea4863c3f87d222c31f759411898c874a9006b4bd6c745858b8f3bd,290,1960s
300,Sevilla,299.7,2,2024-12-14,983bd614bb5afece5ab3b6023f71147cd7b6bc2314f9d27af7422541c6558389,410,1960s
