id_venta,id_cliente,fecha,unidades,importe,canal,ciudad,cod_postal,municipio_id
1,277,2025-02-22,7,5.35,app,Sevilla,41005,410
2,216,2025-01-24,9,263.07,web,Zaragoza,50001,500
3,118,2025-02-21,7,147.23,web,Valladolid,47010,470
4,295,2025-01-07,5,130.52,web,Málaga,29001,290
5,120,2025-02-28,5,258.42,app,Valencia,46002,460
6,279,2025-01-27,1,81.05,app,Madrid,28003,280
7,4,2025-02-06,9,159.15,tienda,Murcia,30002,300
8,193,2025-02-11,6,65.6,web,Murcia,30001,300
9,186,2025-01-07,10,50.66,web,Bilbao,48001,480
10,134,2025-02-24,10,163.15,web,Bilbao,48002,480
11,142,2025-02-13,4,122.25,web,Sevilla,41010,410
12,283,2025-02-20,3,169.48,web,Sevilla,41005,410
13,287,2025-02-05,5,147.71,app,Sevilla,41005,410
14,177,2025-02-19,3,213.12,app,Valladolid,47002,470
15,61,2025-02-17,3,72.78,tienda,Valencia,46023,460
16,110,2025-02-02,6,123.17,app,Bilbao,48003,480
17,27,2025-01-11,1,119.79,tienda,Valencia,46021,460
18,75,2025-01-31,7,278.13,tienda,Zaragoza,50001,500
19,33,2025-01-17,2,70.42,app,Valladolid,47001,470
20,20,2025-02-16,7,118.38,app,Sevilla,41002,410
21,267,2025-01-19,10,214.92,tienda,Bilbao,48003,480
22,90,2025-02-10,1,150.84,tienda,Zaragoza,50007,500
23,266,2025-01-19,10,62.45,app,Madrid,28002,280
24,265,2025-02-14,3,73.34,app,Sevilla,41010,410
25,19,2025-01-24,1,75.58,tienda,Zaragoza,50002,500
26,45,2025-01-18,6,235.0,app,Sevilla,41002,410
27,203,2025-01-26,9,177.89,tienda,Bilbao,48003,480
28,36,2025-02-28,5,31.6,app,Murcia,30002,300
29,287,2025-02-28,6,176.97,web,Sevilla,41005,410
30,116,2025-02-08,8,289.1,web,Bilbao,48003,480
31,295,2025-01-01,7,82.03,app,Málaga,29001,290
32,55,2025-02-05,5,26.35,web,Bilbao,48003,480
33,60,2025-02-21,5,156.42,app,Valencia,46023,460
34,295,2025-01-17,7,209.79,app,Málaga,29001,290
35,248,2025-02-19,6,76.77,web,Zaragoza,50002,500
36,236,2025-02-27,1,178.11,web,Valencia,46002,460
37,60,2025-01-17,4,24.93,app,Valencia,46023,460
38,118,2025-02-21,6,98.14,app,Valladolid,47010,470
39,275,2025-01-01,5,211.74,tienda,Málaga,29004,290
40,148,2025-01-06,6,122.68,tienda,Málaga,29001,290
41,284,2025-03-01,6,57.65,web,Valencia,46023,460
42,112,2025-02-27,3,174.25,app,Bilbao,48002,480
43,98,2025-02-01,4,222.45,app,Murcia,30001,300
44,124,2025-02-25,4,83.29,tienda,Valladolid,47001,470
45,128,2025-02-23,3,187.49,tienda,Valencia,46001,460
46,62,2025-02-28,8,28.15,app,Madrid,28003,280
47,4,2025-02-18,1,257.84,web,Murcia,30002,300
48,191,2025-02-09,10,98.05,web,Zaragoza,50007,500
49,252,2025-01-12,9,295.4,web,Málaga,29004,290
50,204,2025-01-15,3,226.3,tienda,Valencia,46021,460
51,270,2025-02-21,9,129.84,tienda,Murcia,30002,300
52,258,2025-01-23,3,121.15,web,Sevilla,41001,410
53,62,2025-02-14,6,157.87,app,Madrid,28003,280
54,5,2025-01-01,7,203.86,app,Murcia,30002,300
55,52,2025-01-21,5,111.67,tienda,Valladolid,47010,470
56,281,2025-01-17,8,74.96,app,Murcia,30007,300
57,176,2025-01-24,7,59.25,tienda,Valencia,46001,460
58,215,2025-02-14,6,226.9,web,Madrid,28002,280
59,144,2025-01-29,3,58.07,app,Sevilla,41001,410
60,118,2025-02-22,5,34.46,tienda,Valladolid,47010,470
61,285,2025-01-28,4,257.61,tienda,Sevilla,41005,410
62,77,2025-01-31,3,242.67,web,Bilbao,48001,480
63,256,2025-01-09,9,298.69,app,Murcia,30001,300
64,162,2025-02-20,5,148.55,app,Bilbao,48002,480
65,291,2025-01-04,3,122.53,tienda,Sevilla,41010,410
66,111,2025-02-22,2,80.02,web,Murcia,30007,300
67,172,2025-01-17,9,111.48,app,Zaragoza,50002,500
68,132,2025-01-23,2,10.85,web,Murcia,30001,300
69,102,2025-02-06,9,174.89,tienda,Málaga,29002,290
70,146,2025-01-23,9,100.9,web,Madrid,28002,280
71,229,2025-02-26,10,28.13,web,Valencia,46001,460
72,238,2025-02-10,3,287.2,app,Zaragoza,50002,500
73,173,2025-01-27,10,191.23,web,Valladolid,47010,470
74,37,2025-01-06,4,52.79,web,Valladolid,47001,470
75,163,2025-02-11,5,90.95,app,Madrid,28001,280
76,203,2025-01-18,6,266.87,app,Bilbao,48003,480
77,267,2025-01-29,3,127.13,tienda,Bilbao,48003,480
78,65,2025-02-16,5,74.22,app,Zaragoza,50001,500
79,41,2025-01-14,2,54.24,tienda,Bilbao,48003,480
80,33,2025-03-01,9,264.21,tienda,Valladolid,47001,470
81,14,2025-02-19,2,122.12,tienda,Murcia,30002,300
82,135,2025-02-09,7,50.81,web,Valencia,46021,460
83,118,2025-01-16,8,222.59,app,Valladolid,47010,470
84,65,2025-01-09,3,160.39,tienda,Zaragoza,50001,500
85,18,2025-02-12,6,110.27,web,Sevilla,41002,410
86,240,2025-02-25,5,164.47,app,Valencia,46002,460
87,228,2025-01-09,9,291.01,tienda,Zaragoza,50001,500
88,234,2025-02-10,10,225.93,web,Sevilla,41010,410
89,269,2025-02-10,5,193.66,web,Madrid,28012,280
90,247,2025-02-04,2,72.0,web,Valencia,46002,460
91,158,2025-01-24,3,126.6,web,Murcia,30007,300
92,6,2025-01-01,3,159.38,web,Zaragoza,50001,500
93,147,2025-01-31,8,162.85,web,Murcia,30002,300
94,154,2025-01-01,5,230.93,app,Zaragoza,50001,500
95,119,2025-02-20,6,7.13,tienda,Valladolid,47002,470
96,211,2025-02-26,7,170.36,tienda,Sevilla,41001,410
97,84,2025-02-15,7,222.45,web,Sevilla,41005,410
98,113,2025-01-17,4,28.37,app,Murcia,30002,300
99,140,2025-01-19,9,196.29,web,Zaragoza,50002,500
100,212,2025-01-13,3,256.78,tienda,Valencia,46001,460
101,149,2025-01-08,10,192.88,web,Sevilla,41001,410
102,140,2025-02-14,4,188.71,web,Zaragoza,50002,500
103,10,2025-01-10,9,19.64,tienda,Valladolid,47001,470
104,96,2025-01-07,3,88.22,app,Sevilla,41002,410
105,225,2025-02-16,2,7.42,tienda,Zaragoza,50007,500
106,8,2025-02-01,7,69.07,web,Valladolid,47010,470
107,256,2025-01-24,1,141.79,web,Murcia,30001,300
108,42,2025-02-23,3,226.42,tienda,Murcia,30007,300
109,137,2025-02-19,9,120.76,web,Murcia,30007,300
110,93,2025-01-13,5,269.23,web,Valladolid,47010,470
111,7,2025-01-08,4,292.51,web,Zaragoza,50001,500
112,227,2025-01-16,1,222.6,tienda,Zaragoza,50007,500
113,236,2025-02-17,9,232.44,app,Valencia,46002,460
114,107,2025-01-31,5,119.79,web,Málaga,29010,290
115,82,2025-02-10,9,219.83,app,Valladolid,47001,470
116,63,2025-01-17,5,146.96,tienda,Madrid,28002,280
117,185,2025-02-26,4,20.37,tienda,Valladolid,47002,470
118,121,2025-02-10,1,133.08,tienda,Valencia,46002,460
119,142,2025-02-07,4,40.3,tienda,Sevilla,41010,410
120,22,2025-02-07,8,236.13,app,Valladolid,47002,470
121,80,2025-01-24,4,232.39,tienda,Sevilla,41002,410
122,256,2025-01-06,6,207.35,app,Murcia,30001,300
123,31,2025-01-04,3,109.88,app,Sevilla,41002,410
124,275,2025-02-20,8,36.68,tienda,Málaga,29004,290
125,163,2025-02-05,6,237.63,web,Madrid,28001,280
126,99,2025-01-02,6,208.33,app,Bilbao,48001,480
127,69,2025-01-17,8,270.11,app,Málaga,29004,290
128,225,2025-02-05,8,91.94,tienda,Zaragoza,50007,500
129,291,2025-01-12,6,165.37,app,Sevilla,41010,410
130,240,2025-01-18,10,260.96,app,Valencia,46002,460
131,83,2025-01-05,8,161.69,web,Murcia,30002,300
132,135,2025-02-04,1,113.3,app,Valencia,46021,460
133,260,2025-01-25,1,221.43,app,Valencia,46001,460
134,187,2025-02-19,6,187.96,app,Málaga,29010,290
135,33,2025-02-12,7,290.31,tienda,Valladolid,47001,470
136,269,2025-02-13,9,151.78,tienda,Madrid,28012,280
137,145,2025-01-21,6,125.89,tienda,Sevilla,41010,410
138,50,2025-02-03,1,199.37,tienda,Sevilla,41002,410
139,92,2025-02-25,2,14.23,web,Málaga,29004,290
140,99,2025-01-07,7,14.39,app,Bilbao,48001,480
141,251,2025-02-03,10,189.07,web,Murcia,30002,300
142,26,2025-01-24,2,70.11,tienda,Málaga,29001,290
143,107,2025-02-11,2,149.96,web,Málaga,29010,290
144,32,2025-01-24,7,169.62,web,Murcia,30002,300
145,30,2025-02-22,9,187.0,tienda,Bilbao,48002,480
146,37,2025-02-23,4,94.65,app,Valladolid,47001,470
147,50,2025-01-07,9,218.93,web,Sevilla,41002,410
148,98,2025-01-13,4,160.23,app,Murcia,30001,300
149,92,2025-02-05,7,226.01,app,Málaga,29004,290
150,55,2025-02-19,6,193.39,app,Bilbao,48003,480
151,235,2025-02-14,2,201.25,tienda,Sevilla,41001,410
152,93,2025-02-05,6,123.46,app,Valladolid,47010,470
153,81,2025-02-04,8,299.54,web,Sevilla,41002,410
154,162,2025-02-05,6,297.48,web,Bilbao,48002,480
155,212,2025-02-18,6,191.81,app,Valencia,46001,460
156,124,2025-02-06,7,165.96,app,Valladolid,47001,470
157,131,2025-01-24,8,288.69,web,Madrid,28012,280
158,1,2025-02-16,5,15.23,app,Madrid,28001,280
159,9,2025-02-03,5,44.85,tienda,Valencia,46001,460
160,154,2025-01-15,6,68.37,tienda,Zaragoza,50001,500
161,142,2025-02-28,9,168.33,app,Sevilla,41010,410
162,293,2025-01-10,8,32.81,web,Madrid,28001,280
163,80,2025-01-09,10,83.17,tienda,Sevilla,41002,410
164,120,2025-01-17,2,244.27,app,Valencia,46002,460
165,205,2025-02-06,2,275.78,app,Zaragoza,50001,500
166,167,2025-02-20,8,147.35,app,Valencia,46023,460
167,296,2025-02-22,10,272.76,app,Valladolid,47002,470
168,154,2025-01-03,10,220.58,web,Zaragoza,50001,500
169,41,2025-02-19,6,21.5,web,Bilbao,48003,480
170,223,2025-01-27,2,279.42,tienda,Sevilla,41005,410
171,6,2025-02-10,7,234.34,tienda,Zaragoza,50001,500
172,157,2025-02-03,9,17.15,app,Murcia,30001,300
173,77,2025-01-21,4,153.21,tienda,Bilbao,48001,480
174,26,2025-02-13,7,220.82,web,Málaga,29001,290
175,295,2025-02-02,7,31.57,web,Málaga,29001,290
176,202,2025-01-10,2,44.0,web,Zaragoza,50002,500
177,293,2025-02-17,7,19.55,web,Madrid,28001,280
178,44,2025-01-26,3,153.04,tienda,Murcia,30002,300
179,247,2025-02-05,7,63.44,app,Valencia,46002,460
180,293,2025-01-13,9,170.54,tienda,Madrid,28001,280
181,125,2025-01-05,7,83.55,web,Málaga,29002,290
182,295,2025-01-06,7,38.2,web,Málaga,29001,290
183,188,2025-01-23,6,61.19,app,Murcia,30001,300
184,13,2025-02-19,6,94.92,app,Sevilla,41002,410
185,227,2025-02-09,1,48.02,tienda,Zaragoza,50007,500
186,103,2025-02-13,2,115.28,tienda,Valencia,46023,460
187,28,2025-01-16,3,284.94,web,Murcia,30001,300
188,8,2025-01-22,2,209.67,web,Valladolid,47010,470
189,231,2025-01-31,4,11.71,app,Sevilla,41005,410
190,276,2025-01-14,9,65.12,web,Valencia,46021,460
191,281,2025-01-31,3,188.8,app,Murcia,30007,300
192,10,2025-01-25,9,176.99,tienda,Valladolid,47001,470
193,131,2025-01-11,4,22.73,app,Madrid,28012,280
194,139,2025-01-04,1,142.16,tienda,Valladolid,47010,470
195,199,2025-02-12,6,85.04,tienda,Málaga,29010,290
196,10,2025-01-19,7,260.89,tienda,Valladolid,47001,470
197,195,2025-02-02,2,293.1,web,Madrid,28001,280
198,249,2025-02-25,2,181.15,tienda,Bilbao,48002,480
199,102,2025-02-02,9,290.2,app,Málaga,29002,290
200,12,2025-01-03,9,77.98,web,Málaga,29002,290
201,171,2025-02-01,3,121.05,tienda,Zaragoza,50002,500
202,178,2025-02-13,5,108.81,tienda,Zaragoza,50002,500
203,257,2025-01-18,5,244.51,web,Murcia,30002,300
204,16,2025-02-05,4,284.99,tienda,Valladolid,47001,470
205,175,2025-02-27,3,120.89,tienda,Valladolid,47010,470
206,196,2025-02-03,10,288.38,app,Valencia,46023,460
207,117,2025-01-27,3,75.91,web,Bilbao,48001,480
208,160,2025-02-28,8,183.58,app,Zaragoza,50001,500
209,68,2025-01-14,10,197.48,app,Bilbao,48003,480
210,104,2025-02-25,9,45.74,tienda,Málaga,29001,290
211,221,2025-02-28,3,292.85,app,Madrid,28003,280
212,290,2025-02-28,2,51.62,app,Málaga,29001,290
213,273,2025-02-16,6,39.92,tienda,Madrid,28003,280
214,16,2025-02-18,7,99.01,web,Valladolid,47001,470
215,156,2025-01-29,5,224.95,tienda,Murcia,30002,300
216,97,2025-01-07,1,43.81,app,Zaragoza,50001,500
217,137,2025-02-08,4,172.28,app,Murcia,30007,300
218,119,2025-01-15,6,207.78,tienda,Valladolid,47002,470
219,245,2025-01-09,10,153.19,web,Bilbao,48002,480
220,192,2025-01-12,8,256.38,web,Zaragoza,50007,500
221,71,2025-01-11,1,62.01,web,Valladolid,47001,470
222,8,2025-03-01,7,84.61,tienda,Valladolid,47010,470
223,104,2025-02-18,3,65.35,web,Málaga,29001,290
224,251,2025-02-14,8,100.84,tienda,Murcia,30002,300
225,219,2025-01-26,10,233.98,app,Zaragoza,50002,500
226,195,2025-02-16,10,97.3,app,Madrid,28001,280
227,293,2025-02-08,1,163.17,app,Madrid,28001,280
228,56,2025-01-29,1,139.79,tienda,Zaragoza,50002,500
229,266,2025-02-04,1,121.71,app,Madrid,28002,280
230,199,2025-02-03,1,230.72,tienda,Málaga,29010,290
231,150,2025-01-29,5,122.42,web,Madrid,28011,280
232,237,2025-01-11,10,129.63,tienda,Madrid,28002,280
233,265,2025-02-27,8,46.96,tienda,Sevilla,41010,410
234,257,2025-01-08,10,58.03,app,Murcia,30002,300
235,280,2025-01-09,6,120.95,web,Bilbao,48003,480
236,13,2025-01-12,4,138.84,web,Sevilla,41002,410
237,47,2025-01-17,3,100.6,app,Sevilla,41002,410
238,64,2025-01-06,8,38.68,app,Valladolid,47010,470
239,186,2025-01-06,7,159.53,app,Bilbao,48001,480
240,262,2025-02-09,7,285.18,app,Madrid,28012,280
241,195,2025-01-03,6,231.64,app,Madrid,28001,280
242,77,2025-01-11,3,261.3,app,Bilbao,48001,480
243,27,2025-01-27,8,95.88,web,Valencia,46021,460
244,93,2025-01-08,4,270.07,tienda,Valladolid,47010,470
245,130,2025-01-01,8,140.3,app,Valladolid,47010,470
246,3,2025-02-08,4,265.4,tienda,Sevilla,41010,410
247,244,2025-01-30,2,125.99,app,Sevilla,41001,410
248,4,2025-01-16,5,265.24,app,Murcia,30002,300
249,286,2025-02-22,1,248.45,tienda,Madrid,28012,280
250,76,2025-01-04,1,197.72,tienda,Madrid,28003,280
251,17,2025-02-12,10,175.54,web,Bilbao,48001,480
252,170,2025-02-28,2,30.87,web,Valencia,46023,460
253,92,2025-01-11,10,203.27,app,Málaga,29004,290
254,294,2025-02-20,8,170.84,app,Bilbao,48002,480
255,297,2025-01-24,2,279.79,web,Valencia,46001,460
256,166,2025-01-24,2,269.77,web,Sevilla,41005,410
257,282,2025-01-05,3,91.39,tienda,Málaga,29004,290
258,141,2025-01-22,9,160.48,tienda,Zaragoza,50001,500
259,108,2025-02-09,10,22.16,app,Madrid,28011,280
260,271,2025-01-06,10,147.68,app,Málaga,29002,290
261,148,2025-01-28,6,184.61,web,Málaga,29001,290
262,270,2025-02-06,6,298.53,tienda,Murcia,30002,300
263,289,2025-02-01,8,158.31,web,Sevilla,41002,410
264,93,2025-02-26,5,184.77,tienda,Valladolid,47010,470
265,1,2025-01-08,2,12.08,app,Madrid,28001,280
266,107,2025-02-21,7,186.52,web,Málaga,29010,290
267,24,2025-01-22,4,108.15,tienda,Zaragoza,50001,500
268,104,2025-02-14,2,88.08,web,Málaga,29001,290
269,154,2025-02-02,1,167.25,tienda,Zaragoza,50001,500
270,171,2025-01-22,10,121.83,app,Zaragoza,50002,500
271,15,2025-02-23,6,56.81,web,Murcia,30001,300
272,246,2025-02-28,1,144.98,app,Bilbao,48002,480
273,70,2025-01-31,8,50.84,app,Zaragoza,50007,500
274,172,2025-01-30,7,236.28,app,Zaragoza,50002,500
275,29,2025-02-23,10,158.72,app,Murcia,30002,300
276,162,2025-02-05,4,163.09,app,Bilbao,48002,480
277,170,2025-02-21,6,275.28,tienda,Valencia,46023,460
278,77,2025-01-18,6,253.02,web,Bilbao,48001,480
279,274,2025-02-23,10,53.96,web,Madrid,28011,280
280,96,2025-02-08,5,39.47,app,Sevilla,41002,410
281,162,2025-02-15,7,14.33,tienda,Bilbao,48002,480
282,255,2025-02-26,8,75.1,web,Murcia,30002,300
283,111,2025-02-03,2,94.18,web,Murcia,30007,300
284,20,2025-02-19,2,64.62,web,Sevilla,41002,410
285,260,2025-01-02,9,240.71,tienda,Valencia,46001,460
286,98,2025-01-22,9,277.47,web,Murcia,30001,300
287,168,2025-01-10,2,232.0,app,Sevilla,41001,410
288,68,2025-01-14,8,218.75,web,Bilbao,48003,480
289,268,2025-01-08,1,6.21,app,Málaga,29010,290
290,45,2025-01-22,1,142.73,tienda,Sevilla,41002,410
291,267,2025-02-19,5,199.4,tienda,Bilbao,48003,480
292,296,2025-02-18,4,97.08,web,Valladolid,47002,470
293,103,2025-01-13,9,89.54,web,Valencia,46023,460
294,226,2025-02-12,3,39.71,tienda,Madrid,28003,280
295,141,2025-01-08,10,9.5,app,Zaragoza,50001,500
296,264,2025-01-07,6,65.94,app,Málaga,29010,290
297,164,2025-01-18,5,46.76,app,Madrid,28001,280
298,126,2025-01-11,10,26.02,web,Madrid,28001,280
299,277,2025-01-29,1,19.96,web,Sevilla,41005,410
300,26,2025-01-07,2,118.16,web,Málaga,29001,290
301,201,2025-01-12,10,212.88,app,Murcia,30002,300
302,229,2025-02-09,6,109.91,tienda,Valencia,46001,460
303,274,2025-01-06,8,292.24,app,Madrid,28011,280
304,68,2025-01-06,8,244.79,tienda,Bilbao,48003,480
305,234,2025-01-20,8,206.92,web,Sevilla,41010,410
306,119,2025-01-15,10,47.4,web,Valladolid,47002,470
307,187,2025-01-26,6,59.09,web,Málaga,29010,290
308,233,2025-02-01,8,13.93,tienda,Murcia,30007,300
309,180,2025-01-31,3,141.07,web,Valencia,46002,460
310,179,2025-02-08,9,174.53,tienda,Madrid,28003,280
311,208,2025-02-22,2,215.71,web,Madrid,28003,280
312,285,2025-02-11,5,25.92,app,Sevilla,41005,410
313,237,2025-01-26,4,179.21,app,Madrid,28002,280
314,125,2025-02-05,8,51.91,web,Málaga,29002,290
315,34,2025-01-22,10,66.43,web,Valladolid,47002,470
316,223,2025-02-06,9,237.26,app,Sevilla,41005,410
317,121,2025-01-12,2,200.47,app,Valencia,46002,460
318,294,2025-02-23,10,148.56,app,Bilbao,48002,480
319,238,2025-01-21,8,168.75,tienda,Zaragoza,50002,500
320,158,2025-01-26,2,25.53,app,Murcia,30007,300
321,195,2025-01-21,1,150.82,tienda,Madrid,28001,280
322,112,2025-02-22,10,45.98,app,Bilbao,48002,480
323,1,2025-02-18,3,48.28,web,Madrid,28001,280
324,273,2025-01-19,10,120.04,web,Madrid,28003,280
325,101,2025-01-14,6,206.05,web,Valladolid,47001,470
326,292,2025-02-20,5,274.4,web,Valladolid,47002,470
327,177,2025-01-06,10,176.9,app,Valladolid,47002,470
328,207,2025-02-24,5,42.63,tienda,Zaragoza,50001,500
329,190,2025-02-27,1,166.92,tienda,Valladolid,47001,470
330,287,2025-02-22,2,293.72,web,Sevilla,41005,410
331,16,2025-01-16,10,132.36,web,Valladolid,47001,470
332,163,2025-02-15,7,117.92,web,Madrid,28001,280
333,280,2025-01-14,8,200.43,tienda,Bilbao,48003,480
334,97,2025-02-05,6,118.46,web,Zaragoza,50001,500
335,79,2025-01-19,3,299.25,tienda,Madrid,28012,280
336,6,2025-01-05,3,196.27,app,Zaragoza,50001,500
337,250,2025-02-12,3,133.84,tienda,Valencia,46021,460
338,71,2025-02-11,8,242.75,app,Valladolid,47001,470
339,218,2025-02-09,9,58.04,web,Bilbao,48002,480
340,283,2025-02-22,6,137.76,tienda,Sevilla,41005,410
341,96,2025-01-28,10,183.35,web,Sevilla,41002,410
342,122,2025-02-15,7,153.01,app,Madrid,28011,280
343,296,2025-01-24,1,14.87,app,Valladolid,47002,470
344,248,2025-02-15,10,113.73,web,Zaragoza,50002,500
345,41,2025-01-10,9,220.4,web,Bilbao,48003,480
346,239,2025-02-03,10,28.08,tienda,Valladolid,47001,470
347,126,2025-01-31,2,191.05,app,Madrid,28001,280
348,277,2025-02-21,10,175.99,tienda,Sevilla,41005,410
349,176,2025-02-04,8,234.67,web,Valencia,46001,460
350,263,2025-02-27,6,143.42,web,Valencia,46001,460
351,181,2025-02-21,3,91.91,tienda,Sevilla,41001,410
352,156,2025-02-16,5,236.58,tienda,Murcia,30002,300
353,243,2025-02-07,1,54.88,app,Madrid,28002,280
354,150,2025-02-21,1,222.53,web,Madrid,28011,280
355,249,2025-01-06,2,42.41,web,Bilbao,48002,480
356,130,2025-01-09,5,186.66,web,Valladolid,47010,470
357,8,2025-02-17,3,37.91,app,Valladolid,47010,470
358,78,2025-02-12,3,136.76,web,Bilbao,48001,480
359,121,2025-02-01,9,58.34,tienda,Valencia,46002,460
360,176,2025-01-06,10,290.37,tienda,Valencia,46001,460
361,254,2025-02-18,7,298.11,tienda,Valencia,46001,460
362,226,2025-02-16,4,193.08,app,Madrid,28003,280
363,177,2025-01-04,2,194.47,tienda,Valladolid,47002,470
364,86,2025-01-30,5,122.63,web,Murcia,30002,300
365,273,2025-01-15,7,117.04,web,Madrid,28003,280
366,135,2025-01-10,7,161.48,tienda,Valencia,46021,460
367,148,2025-03-01,7,240.21,app,Málaga,29001,290
368,162,2025-02-03,1,206.45,tienda,Bilbao,48002,480
369,273,2025-02-10,7,109.38,app,Madrid,28003,280
370,140,2025-01-22,2,84.75,web,Zaragoza,50002,500
371,300,2025-01-26,4,141.03,app,Sevilla,41001,410
372,100,2025-02-03,3,104.53,web,Zaragoza,50007,500
373,281,2025-01-01,2,203.48,tienda,Murcia,30007,300
374,211,2025-01-07,8,159.95,web,Sevilla,41001,410
375,113,2025-02-16,4,88.57,tienda,Murcia,30002,300
376,13,2025-02-09,10,32.12,app,Sevilla,41002,410
377,112,2025-02-08,2,193.23,tienda,Bilbao,48002,480
378,67,2025-01-25,10,198.64,tienda,Zaragoza,50007,500
379,57,2025-02-14,5,59.36,web,Sevilla,41010,410
380,39,2025-02-10,5,138.77,web,Bilbao,48001,480
381,166,2025-01-17,2,52.78,web,Sevilla,41005,410
382,32,2025-01-25,1,119.63,web,Murcia,30002,300
383,136,2025-01-12,8,134.97,tienda,Málaga,29002,290
384,202,2025-01-12,2,195.42,tienda,Zaragoza,50002,500
385,277,2025-02-19,10,132.22,app,Sevilla,41005,410
386,55,2025-02-28,5,135.27,tienda,Bilbao,48003,480
387,18,2025-01-05,5,25.77,web,Sevilla,41002,410
388,10,2025-02-27,1,151.82,tienda,Valladolid,47001,470
389,200,2025-01-18,6,49.72,web,Valencia,46023,460
390,295,2025-01-01,8,157.04,web,Málaga,29001,290
391,224,2025-01-26,2,253.99,app,Valencia,46021,460
392,116,2025-01-01,8,118.41,tienda,Bilbao,48003,480
393,291,2025-02-04,6,280.84,web,Sevilla,41010,410
394,156,2025-01-26,2,21.28,web,Murcia,30002,300
395,274,2025-02-24,2,288.47,web,Madrid,28011,280
396,149,2025-02-11,9,64.92,tienda,Sevilla,41001,410
397,197,2025-02-12,7,61.35,tienda,Murcia,30007,300
398,184,2025-02-01,8,30.03,app,Valencia,46023,460
399,98,2025-01-09,1,15.53,app,Murcia,30001,300
400,123,2025-02-01,9,119.69,app,Valladolid,47002,470
401,158,2025-02-01,8,162.51,tienda,Murcia,30007,300
402,19,2025-01-22,1,21.54,web,Zaragoza,50002,500
403,61,2025-01-14,9,243.1,web,Valencia,46023,460
404,275,2025-01-10,4,223.61,tienda,Málaga,29004,290
405,19,2025-02-17,1,46.77,web,Zaragoza,50002,500
406,24,2025-01-16,3,211.88,tienda,Zaragoza,50001,500
407,89,2025-02-10,5,19.74,tienda,Murcia,30001,300
408,234,2025-02-09,10,55.35,tienda,Sevilla,41010,410
409,55,2025-01-08,10,151.66,tienda,Bilbao,48003,480
410,33,2025-02-21,6,64.78,app,Valladolid,47001,470
411,206,2025-01-21,10,40.64,app,Málaga,29001,290
412,71,2025-01-21,4,251.75,tienda,Valladolid,47001,470
413,89,2025-01-22,5,23.65,tienda,Murcia,30001,300
414,213,2025-01-11,9,210.41,tienda,Sevilla,41001,410
415,225,2025-01-16,1,278.07,tienda,Zaragoza,50007,500
416,52,2025-02-20,10,254.97,web,Valladolid,47010,470
417,81,2025-01-02,2,264.49,tienda,Sevilla,41002,410
418,4,2025-01-12,10,278.21,web,Murcia,30002,300
419,214,2025-02-14,8,243.19,app,Bilbao,48002,480
420,65,2025-01-14,5,47.21,app,Zaragoza,50001,500
421,231,2025-01-27,3,75.58,app,Sevilla,41005,410
422,20,2025-02-08,8,58.1,app,Sevilla,41002,410
423,46,2025-02-10,5,248.81,web,Zaragoza,50002,500
424,215,2025-01-01,4,169.52,tienda,Madrid,28002,280
425,272,2025-01-07,9,187.58,app,Bilbao,48002,480
426,113,2025-01-30,4,232.25,web,Murcia,30002,300
427,28,2025-01-13,3,38.24,app,Murcia,30001,300
428,243,2025-02-01,1,57.02,tienda,Madrid,28002,280
429,187,2025-01-19,5,66.83,web,Málaga,29010,290
430,233,2025-01-03,1,35.8,app,Murcia,30007,300
431,91,2025-01-11,8,236.72,app,Murcia,30001,300
432,60,2025-01-05,8,269.05,app,Valencia,46023,460
433,297,2025-01-21,6,128.62,tienda,Valencia,46001,460
434,57,2025-01-21,4,72.2,app,Sevilla,41010,410
435,212,2025-02-25,4,63.99,tienda,Valencia,46001,460
436,242,2025-02-07,7,147.9,tienda,Madrid,28011,280
437,111,2025-03-01,3,184.78,web,Murcia,30007,300
438,192,2025-01-09,4,140.03,app,Zaragoza,50007,500
439,184,2025-01-18,3,64.65,tienda,Valencia,46023,460
440,292,2025-01-04,2,87.78,web,Valladolid,47002,470
441,235,2025-01-27,6,55.5,tienda,Sevilla,41001,410
442,152,2025-02-08,10,51.25,tienda,Zaragoza,50007,500
443,296,2025-02-05,2,257.23,web,Valladolid,47002,470
444,268,2025-02-01,4,259.35,app,Málaga,29010,290
445,243,2025-02-23,1,141.52,app,Madrid,28002,280
446,220,2025-02-17,4,262.42,web,Sevilla,41002,410
447,223,2025-02-07,10,70.61,tienda,Sevilla,41005,410
448,294,2025-02-27,1,6.5,tienda,Bilbao,48002,480
449,241,2025-02-16,1,231.74,web,Sevilla,41001,410
450,272,2025-01-26,2,146.38,web,Bilbao,48002,480
451,254,2025-01-16,1,29.51,app,Valencia,46001,460
452,209,2025-01-14,5,44.15,tienda,Murcia,30001,300
453,47,2025-01-02,5,146.54,tienda,Sevilla,41002,410
454,236,2025-02-24,10,173.26,tienda,Valencia,46002,460
455,233,2025-01-30,7,232.69,tienda,Murcia,30007,300
456,190,2025-02-10,1,141.97,app,Valladolid,47001,470
457,37,2025-01-25,6,268.56,app,Valladolid,47001,470
458,17,2025-01-19,5,130.64,app,Bilbao,48001,480
459,278,2025-02-06,2,239.37,app,Zaragoza,50002,500
460,172,2025-02-17,9,280.01,app,Zaragoza,50002,500
461,187,2025-02-26,7,20.21,web,Málaga,29010,290
462,239,2025-02-09,6,17.06,tienda,Valladolid,47001,470
463,287,2025-02-15,4,24.77,tienda,Sevilla,41005,410
464,172,2025-01-16,8,164.19,app,Zaragoza,50002,500
465,298,2025-02-25,4,287.94,app,Valencia,46002,460
466,116,2025-01-21,5,109.05,app,Bilbao,48003,480
467,217,2025-01-18,6,21.07,web,Valencia,46021,460
468,232,2025-02-01,2,152.93,web,Bilbao,48002,480
469,273,2025-02-13,5,248.49,web,Madrid,28003,280
470,189,2025-02-21,2,203.63,tienda,Bilbao,48003,480
471,235,2025-01-06,3,28.65,web,Sevilla,41001,410
472,40,2025-01-07,2,53.61,app,Valencia,46023,460
473,76,2025-02-01,4,49.4,app,Madrid,28003,280
474,12,2025-01-19,9,127.88,tienda,Málaga,29002,290
475,243,2025-01-23,1,128.94,web,Madrid,28002,280
476,97,2025-01-05,4,11.5,app,Zaragoza,50001,500
477,172,2025-01-27,6,175.72,web,Zaragoza,50002,500
478,272,2025-02-23,8,166.8,web,Bilbao,48002,480
479,291,2025-01-09,5,269.99,tienda,Sevilla,41010,410
480,134,2025-01-15,5,147.85,tienda,Bilbao,48002,480
481,76,2025-01-23,3,88.89,app,Madrid,28003,280
482,83,2025-02-15,3,162.92,tienda,Murcia,30002,300
483,79,2025-01-11,1,75.18,web,Madrid,28012,280
484,295,2025-01-09,6,135.06,tienda,Málaga,29001,290
485,106,2025-02-05,6,213.6,web,Valladolid,47001,470
486,76,2025-01-24,3,137.29,app,Madrid,28003,280
487,155,2025-01-08,7,276.53,web,Málaga,29004,290
488,75,2025-01-30,3,278.7,tienda,Zaragoza,50001,500
489,280,2025-02-02,5,102.73,web,Bilbao,48003,480
490,149,2025-02-18,10,294.3,app,Sevilla,41001,410
491,76,2025-02-21,8,171.74,web,Madrid,28003,280
492,58,2025-02-16,1,146.3,tienda,Málaga,29004,290
493,283,2025-01-08,7,95.88,app,Sevilla,41005,410
494,113,2025-01-29,6,110.43,tienda,Murcia,30002,300
495,100,2025-02-07,5,160.3,tienda,Zaragoza,50007,500
496,12,2025-01-06,8,163.83,app,Málaga,29002,290
497,45,2025-02-02,8,121.35,web,Sevilla,41002,410
498,262,2025-01-04,6,272.99,web,Madrid,28012,280
499,76,2025-02-15,6,256.87,web,Madrid,28003,280
500,191,2025-01-01,6,88.97,web,Zaragoza,50007,500
501,229,2025-02-25,4,170.5,app,Valencia,46001,460
502,228,2025-02-17,8,297.82,web,Zaragoza,50001,500
503,84,2025-02-21,7,219.76,app,Sevilla,41005,410
504,213,2025-01-09,10,251.48,tienda,Sevilla,41001,410
505,74,2025-01-14,9,94.45,web,Murcia,30007,300
506,34,2025-03-01,7,288.23,tienda,Valladolid,47002,470
507,4,2025-01-27,5,193.45,web,Murcia,30002,300
508,90,2025-02-05,10,141.33,tienda,Zaragoza,50007,500
509,103,2025-01-12,5,250.52,app,Valencia,46023,460
510,252,2025-01-03,5,247.73,app,Málaga,29004,290
511,156,2025-02-01,8,169.99,tienda,Murcia,30002,300
512,14,2025-02-20,5,5.72,web,Murcia,30002,300
513,242,2025-01-08,5,197.87,web,Madrid,28011,280
514,92,2025-02-01,4,272.5,tienda,Málaga,29004,290
515,62,2025-02-18,2,86.78,app,Madrid,28003,280
516,186,2025-02-07,7,146.74,web,Bilbao,48001,480
517,244,2025-02-14,6,246.39,app,Sevilla,41001,410
518,295,2025-01-02,3,254.36,app,Málaga,29001,290
519,30,2025-01-10,3,99.31,web,Bilbao,48002,480
520,84,2025-01-04,7,85.44,app,Sevilla,41005,410
521,183,2025-01-04,9,90.51,app,Sevilla,41002,410
522,40,2025-02-02,3,62.18,tienda,Valencia,46023,460
523,86,2025-02-04,6,100.17,app,Murcia,30002,300
524,155,2025-01-18,6,207.21,tienda,Málaga,29004,290
525,274,2025-02-07,3,108.73,tienda,Madrid,28011,280
526,71,2025-02-03,8,88.02,web,Valladolid,47001,470
527,175,2025-02-28,2,273.68,tienda,Valladolid,47010,470
528,80,2025-02-02,4,70.23,app,Sevilla,41002,410
529,270,2025-02-24,9,161.97,app,Murcia,30002,300
530,59,2025-01-27,2,140.84,tienda,Sevilla,41002,410
531,68,2025-03-01,6,10.13,web,Bilbao,48003,480
532,186,2025-01-09,10,246.03,app,Bilbao,48001,480
533,176,2025-01-12,1,214.42,app,Valencia,46001,460
534,61,2025-01-15,3,42.97,app,Valencia,46023,460
535,117,2025-01-20,3,41.98,tienda,Bilbao,48001,480
536,218,2025-02-14,2,230.09,tienda,Bilbao,48002,480
537,10,2025-02-19,7,147.86,tienda,Valladolid,47001,470
538,101,2025-01-07,9,14.67,app,Valladolid,47001,470
539,31,2025-01-31,5,40.08,tienda,Sevilla,41002,410
540,34,2025-01-20,2,201.94,tienda,Valladolid,47002,470
541,106,2025-02-07,3,270.85,app,Valladolid,47001,470
542,180,2025-01-02,5,31.78,app,Valencia,46002,460
543,179,2025-01-23,9,52.36,app,Madrid,28003,280
544,124,2025-02-02,2,173.22,app,Valladolid,47001,470
545,8,2025-02-03,4,69.01,web,Valladolid,47010,470
546,88,2025-02-27,1,227.44,app,Bilbao,48001,480
547,51,2025-03-01,9,68.13,app,Madrid,28012,280
548,244,2025-01-24,3,210.95,web,Sevilla,41001,410
549,55,2025-01-12,7,251.25,web,Bilbao,48003,480
550,110,2025-02-02,2,72.13,web,Bilbao,48003,480
551,64,2025-01-30,3,37.54,web,Valladolid,47010,470
552,185,2025-02-15,1,90.04,tienda,Valladolid,47002,470
553,168,2025-02-01,5,39.14,web,Sevilla,41001,410
554,160,2025-02-13,8,292.97,tienda,Zaragoza,50001,500
555,284,2025-01-27,7,90.72,tienda,Valencia,46023,460
556,36,2025-02-27,8,253.11,app,Murcia,30002,300
557,189,2025-01-12,8,8.77,app,Bilbao,48003,480
558,54,2025-01-26,2,134.23,tienda,Bilbao,48003,480
559,74,2025-01-26,10,123.18,tienda,Murcia,30007,300
560,87,2025-01-05,4,112.29,web,Bilbao,48002,480
561,103,2025-02-08,7,253.99,tienda,Valencia,46023,460
562,120,2025-02-23,8,130.29,web,Valencia,46002,460
563,298,2025-02-07,7,85.53,web,Valencia,46002,460
564,244,2025-02-12,7,182.93,web,Sevilla,41001,410
565,262,2025-01-18,8,48.48,tienda,Madrid,28012,280
566,63,2025-01-17,4,149.36,app,Madrid,28002,280
567,69,2025-01-02,1,34.38,tienda,Málaga,29004,290
568,256,2025-02-13,3,12.89,web,Murcia,30001,300
569,168,2025-01-10,10,94.31,tienda,Sevilla,41001,410
570,40,2025-02-12,8,226.72,web,Valencia,46023,460
571,104,2025-01-19,8,200.32,app,Málaga,29001,290
572,134,2025-02-04,9,106.37,app,Bilbao,48002,480
573,10,2025-02-18,7,14.32,tienda,Valladolid,47001,470
574,197,2025-01-29,7,97.79,web,Murcia,30007,300
575,236,2025-01-03,9,14.69,app,Valencia,46002,460
576,156,2025-02-26,8,213.29,web,Murcia,30002,300
577,69,2025-01-20,8,216.14,tienda,Málaga,29004,290
578,292,2025-02-13,9,149.71,app,Valladolid,47002,470
579,277,2025-02-06,9,143.6,tienda,Sevilla,41005,410
580,260,2025-01-04,8,120.46,app,Valencia,46001,460
581,194,2025-02-09,5,204.56,web,Bilbao,48003,480
582,32,2025-01-02,3,179.19,web,Murcia,30002,300
583,179,2025-02-21,1,223.91,app,Madrid,28003,280
584,175,2025-01-25,6,33.72,web,Valladolid,47010,470
585,211,2025-01-23,4,21.65,tienda,Sevilla,41001,410
586,121,2025-02-11,2,97.07,app,Valencia,46002,460
587,34,2025-02-25,6,94.95,tienda,Valladolid,47002,470
588,11,2025-02-04,8,101.2,app,Valladolid,47010,470
589,217,2025-02-06,7,156.85,web,Valencia,46021,460
590,11,2025-02-14,1,143.56,web,Valladolid,47010,470
591,194,2025-02-06,10,120.14,tienda,Bilbao,48003,480
592,251,2025-01-07,4,208.8,web,Murcia,30002,300
593,255,2025-02-02,6,244.38,tienda,Murcia,30002,300
594,154,2025-01-24,4,290.98,web,Zaragoza,50001,500
595,39,2025-02-23,4,255.85,web,Bilbao,48001,480
596,136,2025-01-04,10,92.71,web,Málaga,29002,290
597,116,2025-02-09,2,224.15,app,Bilbao,48003,480
598,297,2025-01-07,5,179.6,tienda,Valencia,46001,460
599,291,2025-02-21,7,161.66,tienda,Sevilla,41010,410
600,178,2025-02-20,5,27.62,app,Zaragoza,50002,500
601,154,2025-01-28,6,200.72,tienda,Zaragoza,50001,500
602,213,2025-01-26,9,79.12,web,Sevilla,41001,410
603,281,2025-01-12,9,264.86,tienda,Murcia,30007,300
604,296,2025-02-01,8,67.82,web,Valladolid,47002,470
605,273,2025-02-21,7,186.25,app,Madrid,28003,280
606,31,2025-02-03,8,64.19,tienda,Sevilla,41002,410
607,124,2025-01-10,5,225.2,web,Valladolid,47001,470
608,211,2025-01-21,2,258.75,app,Sevilla,41001,410
609,105,2025-02-24,5,126.67,app,Sevilla,41001,410
610,83,2025-01-17,4,207.62,web,Murcia,30002,300
611,123,2025-01-08,1,49.24,tienda,Valladolid,47002,470
612,159,2025-01-30,7,148.19,web,Valencia,46001,460
613,19,2025-01-13,3,52.01,tienda,Zaragoza,50002,500
614,133,2025-02-20,9,242.04,tienda,Zaragoza,50001,500
615,22,2025-02-16,1,148.32,tienda,Valladolid,47002,470
616,43,2025-01-21,2,182.47,web,Bilbao,48003,480
617,187,2025-02-12,2,198.94,web,Málaga,29010,290
618,72,2025-01-16,9,38.02,tienda,Bilbao,48003,480
619,268,2025-02-12,9,249.55,web,Málaga,29010,290
620,255,2025-02-26,10,31.62,tienda,Murcia,30002,300
621,161,2025-01-22,7,250.54,app,Bilbao,48001,480
622,121,2025-03-01,3,129.75,tienda,Valencia,46002,460
623,90,2025-01-14,8,291.13,web,Zaragoza,50007,500
624,131,2025-02-25,8,178.9,app,Madrid,28012,280
625,192,2025-02-14,6,284.87,app,Zaragoza,50007,500
626,217,2025-01-31,5,206.41,tienda,Valencia,46021,460
627,186,2025-01-31,5,216.12,tienda,Bilbao,48001,480
628,18,2025-02-23,1,223.14,app,Sevilla,41002,410
629,123,2025-01-17,5,168.05,app,Valladolid,47002,470
630,186,2025-02-27,2,244.61,app,Bilbao,48001,480
631,122,2025-02-24,1,135.51,web,Madrid,28011,280
632,131,2025-01-20,4,31.62,web,Madrid,28012,280
633,108,2025-02-25,8,267.62,app,Madrid,28011,280
634,163,2025-02-26,7,244.61,tienda,Madrid,28001,280
635,141,2025-02-25,8,28.63,web,Zaragoza,50001,500
636,212,2025-03-01,7,253.14,tienda,Valencia,46001,460
637,83,2025-02-14,2,81.99,web,Murcia,30002,300
638,216,2025-02-08,9,220.12,app,Zaragoza,50001,500
639,168,2025-01-30,1,210.09,app,Sevilla,41001,410
640,95,2025-02-10,3,135.8,tienda,Valladolid,47010,470
641,206,2025-01-13,6,190.35,app,Málaga,29001,290
642,43,2025-01-08,9,51.56,app,Bilbao,48003,480
643,67,2025-02-24,7,180.23,web,Zaragoza,50007,500
644,232,2025-01-31,3,262.68,web,Bilbao,48002,480
645,89,2025-02-13,6,179.94,web,Murcia,30001,300
646,102,2025-01-06,3,127.28,web,Málaga,29002,290
647,194,2025-02-23,4,265.88,tienda,Bilbao,48003,480
648,12,2025-03-01,10,169.77,app,Málaga,29002,290
649,118,2025-02-28,8,31.25,tienda,Valladolid,47010,470
650,135,2025-02-14,1,256.29,web,Valencia,46021,460
651,220,2025-02-08,2,81.75,web,Sevilla,41002,410
652,88,2025-02-06,9,39.62,web,Bilbao,48001,480
653,233,2025-02-22,2,203.71,tienda,Murcia,30007,300
654,105,2025-01-13,5,284.09,web,Sevilla,41001,410
655,254,2025-01-25,4,43.41,app,Valencia,46001,460
656,111,2025-02-22,4,88.48,web,Murcia,30007,300
657,93,2025-01-27,1,238.78,web,Valladolid,47010,470
658,135,2025-01-16,4,187.22,web,Valencia,46021,460
659,299,2025-02-13,2,195.93,tienda,Málaga,29010,290
660,241,2025-01-09,7,262.08,app,Sevilla,41001,410
661,109,2025-02-15,7,118.13,app,Valencia,46023,460
662,132,2025-01-05,1,33.11,tienda,Murcia,30001,300
663,171,2025-03-01,6,74.28,app,Zaragoza,50002,500
664,24,2025-01-01,10,79.83,web,Zaragoza,50001,500
665,155,2025-01-26,3,203.02,app,Málaga,29004,290
666,22,2025-02-07,3,57.91,app,Valladolid,47002,470
667,253,2025-03-01,8,105.06,tienda,Murcia,30007,300
668,46,2025-01-21,7,214.53,tienda,Zaragoza,50002,500
669,134,2025-01-08,3,97.41,web,Bilbao,48002,480
670,144,2025-02-17,7,111.37,web,Sevilla,41001,410
671,135,2025-02-09,5,249.73,app,Valencia,46021,460
672,161,2025-01-28,6,268.34,app,Bilbao,48001,480
673,252,2025-02-18,9,285.26,app,Málaga,29004,290
674,226,2025-01-04,1,60.73,tienda,Madrid,28003,280
675,94,2025-01-03,3,143.72,app,Madrid,28003,280
676,240,2025-01-28,8,39.23,tienda,Valencia,46002,460
677,227,2025-01-23,9,296.7,web,Zaragoza,50007,500
678,235,2025-02-01,3,38.18,tienda,Sevilla,41001,410
679,179,2025-01-06,5,65.1,tienda,Madrid,28003,280
680,87,2025-02-17,5,155.08,app,Bilbao,48002,480
681,300,2025-01-14,1,177.15,app,Sevilla,41001,410
682,293,2025-01-12,2,127.84,tienda,Madrid,28001,280
683,256,2025-02-13,6,32.82,tienda,Murcia,30001,300
684,146,2025-02-13,2,294.49,web,Madrid,28002,280
685,192,2025-02-07,2,279.1,web,Zaragoza,50007,500
686,79,2025-01-02,8,28.91,web,Madrid,28012,280
687,138,2025-02-08,6,199.11,tienda,Murcia,30001,300
688,232,2025-01-21,10,284.49,tienda,Bilbao,48002,480
689,109,2025-02-25,5,19.36,web,Valencia,46023,460
690,29,2025-02-17,10,25.86,web,Murcia,30002,300
691,48,2025-01-26,4,80.27,web,Madrid,28012,280
692,46,2025-01-02,3,256.44,web,Zaragoza,50002,500
693,207,2025-01-19,3,195.91,tienda,Zaragoza,50001,500
694,153,2025-02-01,5,241.32,app,Valencia,46023,460
695,68,2025-01-23,6,201.33,app,Bilbao,48003,480
696,103,2025-02-01,7,136.41,web,Valencia,46023,460
697,138,2025-02-06,2,182.1,web,Murcia,30001,300
698,189,2025-02-09,7,59.97,tienda,Bilbao,48003,480
699,21,2025-02-02,8,105.81,app,Bilbao,48003,480
700,115,2025-02-11,3,207.44,web,Murcia,30002,300
701,270,2025-02-10,2,195.93,web,Murcia,30002,300
702,240,2025-01-28,8,28.36,web,Valencia,46002,460
703,77,2025-01-09,5,206.87,tienda,Bilbao,48001,480
704,268,2025-01-28,1,92.17,app,Málaga,29010,290
705,40,2025-02-28,2,18.3,app,Valencia,46023,460
706,218,2025-01-27,10,32.87,web,Bilbao,48002,480
707,182,2025-01-17,9,177.74,tienda,Murcia,30007,300
708,59,2025-02-17,3,200.17,tienda,Sevilla,41002,410
709,202,2025-01-03,5,29.57,web,Zaragoza,50002,500
710,233,2025-02-18,10,202.73,web,Murcia,30007,300
711,175,2025-02-28,3,262.05,tienda,Valladolid,47010,470
712,95,2025-01-06,10,225.37,web,Valladolid,47010,470
713,55,2025-01-28,1,162.64,web,Bilbao,48003,480
714,60,2025-01-01,8,55.66,web,Valencia,46023,460
715,208,2025-02-25,10,199.03,app,Madrid,28003,280
716,250,2025-01-20,10,187.46,web,Valencia,46021,460
717,203,2025-02-21,3,94.28,tienda,Bilbao,48003,480
718,8,2025-01-13,1,38.01,app,Valladolid,47010,470
719,97,2025-02-24,8,12.91,app,Zaragoza,50001,500
720,75,2025-02-11,9,76.33,tienda,Zaragoza,50001,500
721,45,2025-01-20,3,232.07,web,Sevilla,41002,410
722,217,2025-01-02,3,39.36,app,Valencia,46021,460
723,228,2025-02-01,8,144.09,app,Zaragoza,50001,500
724,125,2025-01-13,7,91.98,tienda,Málaga,29002,290
725,171,2025-01-01,7,35.29,web,Zaragoza,50002,500
726,254,2025-02-17,9,175.71,web,Valencia,46001,460
727,19,2025-02-01,9,122.91,app,Zaragoza,50002,500
728,250,2025-01-15,9,215.72,tienda,Valencia,46021,460
729,217,2025-02-06,2,98.18,web,Valencia,46021,460
730,214,2025-02-26,8,144.63,app,Bilbao,48002,480
731,178,2025-01-29,1,210.77,tienda,Zaragoza,50002,500
732,148,2025-02-16,6,61.7,web,Málaga,29001,290
733,119,2025-02-02,6,69.81,app,Valladolid,47002,470
734,240,2025-01-09,7,265.54,web,Valencia,46002,460
735,185,2025-02-20,3,144.34,app,Valladolid,47002,470
736,107,2025-01-19,2,208.76,app,Málaga,29010,290
737,248,2025-01-09,3,56.12,app,Zaragoza,50002,500
738,252,2025-01-07,8,239.08,web,Málaga,29004,290
739,121,2025-01-14,1,169.27,web,Valencia,46002,460
740,134,2025-01-23,3,204.69,app,Bilbao,48002,480
741,17,2025-02-21,7,23.78,tienda,Bilbao,48001,480
742,117,2025-01-08,8,170.78,web,Bilbao,48001,480
743,175,2025-02-20,1,109.8,app,Valladolid,47010,470
744,137,2025-02-27,9,49.6,app,Murcia,30007,300
745,54,2025-02-15,8,19.87,web,Bilbao,48003,480
746,57,2025-01-07,10,235.59,tienda,Sevilla,41010,410
747,288,2025-01-03,3,154.66,app,Murcia,30001,300
748,61,2025-02-25,6,65.59,tienda,Valencia,46023,460
749,150,2025-02-15,9,135.25,web,Madrid,28011,280
750,51,2025-01-10,6,195.89,tienda,Madrid,28012,280
751,63,2025-02-24,7,64.56,tienda,Madrid,28002,280
752,126,2025-02-23,6,243.7,web,Madrid,28001,280
753,259,2025-01-11,6,30.14,app,Zaragoza,50002,500
754,213,2025-01-24,4,190.68,tienda,Sevilla,41001,410
755,272,2025-01-27,3,237.23,web,Bilbao,48002,480
756,212,2025-02-28,8,125.75,app,Valencia,46001,460
757,186,2025-01-02,1,135.56,app,Bilbao,48001,480
758,265,2025-01-05,6,30.01,web,Sevilla,41010,410
759,85,2025-01-28,1,23.13,app,Madrid,28002,280
760,78,2025-02-27,9,174.49,web,Bilbao,48001,480
761,215,2025-01-26,9,266.31,web,Madrid,28002,280
762,161,2025-02-28,5,106.53,app,Bilbao,48001,480
763,76,2025-02-14,4,124.16,app,Madrid,28003,280
764,227,2025-02-14,7,106.85,tienda,Zaragoza,50007,500
765,155,2025-01-06,6,15.91,web,Málaga,29004,290
766,65,2025-02-03,5,297.62,tienda,Zaragoza,50001,500
767,48,2025-02-02,9,167.78,web,Madrid,28012,280
768,82,2025-01-02,9,13.23,app,Valladolid,47001,470
769,133,2025-01-16,5,250.51,app,Zaragoza,50001,500
770,217,2025-02-02,1,37.58,web,Valencia,46021,460
771,133,2025-02-10,2,154.71,tienda,Zaragoza,50001,500
772,64,2025-01-29,1,92.9,web,Valladolid,47010,470
773,174,2025-01-16,10,242.59,app,Valladolid,47010,470
774,274,2025-02-24,6,180.69,web,Madrid,28011,280
775,146,2025-02-12,10,236.51,app,Madrid,28002,280
776,72,2025-02-15,4,116.41,tienda,Bilbao,48003,480
777,168,2025-02-03,6,176.8,web,Sevilla,41001,410
778,51,2025-01-10,7,214.93,tienda,Madrid,28012,280
779,48,2025-01-04,3,130.34,web,Madrid,28012,280
780,110,2025-01-29,9,28.03,web,Bilbao,48003,480
781,287,2025-02-03,5,234.75,app,Sevilla,41005,410
782,256,2025-02-10,8,129.91,app,Murcia,30001,300
783,251,2025-02-16,3,292.12,tienda,Murcia,30002,300
784,259,2025-01-09,8,148.01,tienda,Zaragoza,50002,500
785,263,2025-02-25,4,161.1,web,Valencia,46001,460
786,243,2025-01-03,9,225.22,web,Madrid,28002,280
787,61,2025-02-08,2,256.43,tienda,Valencia,46023,460
788,190,2025-02-06,9,90.43,tienda,Valladolid,47001,470
789,61,2025-01-24,6,94.95,web,Valencia,46023,460
790,151,2025-02-01,3,13.25,tienda,Bilbao,48001,480
791,216,2025-01-04,5,281.36,web,Zaragoza,50001,500
792,111,2025-01-12,8,246.64,tienda,Murcia,30007,300
793,63,2025-02-05,1,107.85,web,Madrid,28002,280
794,247,2025-02-06,8,96.36,web,Valencia,46002,460
795,194,2025-01-31,10,251.17,tienda,Bilbao,48003,480
796,71,2025-02-02,8,192.76,app,Valladolid,47001,470
797,230,2025-01-10,6,260.57,tienda,Valencia,46001,460
798,210,2025-01-25,7,73.68,web,Madrid,28002,280
799,277,2025-01-03,8,287.63,app,Sevilla,41005,410
800,143,2025-02-11,3,31.12,app,Valladolid,47010,470
801,13,2025-02-06,5,190.88,app,Sevilla,41002,410
802,64,2025-02-11,4,170.01,app,Valladolid,47010,470
803,278,2025-02-06,10,228.5,app,Zaragoza,50002,500
804,97,2025-02-18,1,145.37,tienda,Zaragoza,50001,500
805,273,2025-01-12,5,288.9,tienda,Madrid,28003,280
806,126,2025-02-23,10,213.16,web,Madrid,28001,280
807,44,2025-02-21,6,162.4,web,Murcia,30002,300
808,24,2025-02-01,1,259.28,web,Zaragoza,50001,500
809,224,2025-01-12,9,127.41,web,Valencia,46021,460
810,196,2025-01-17,2,31.85,app,Valencia,46023,460
811,87,2025-01-19,5,47.49,tienda,Bilbao,48002,480
812,79,2025-01-20,3,285.89,tienda,Madrid,28012,280
813,167,2025-01-12,1,13.02,web,Valencia,46023,460
814,200,2025-01-07,7,99.41,web,Valencia,46023,460
815,133,2025-01-25,2,282.77,tienda,Zaragoza,50001,500
816,104,2025-01-16,10,226.88,tienda,Málaga,29001,290
817,253,2025-02-02,7,226.96,tienda,Murcia,30007,300
818,138,2025-01-04,9,98.91,web,Murcia,30001,300
819,34,2025-01-31,4,13.53,tienda,Valladolid,47002,470
820,138,2025-02-05,2,289.23,tienda,Murcia,30001,300
821,285,2025-02-11,5,236.64,app,Sevilla,41005,410
822,209,2025-01-29,9,29.75,tienda,Murcia,30001,300
823,73,2025-01-24,3,164.43,tienda,Bilbao,48003,480
824,276,2025-01-28,9,288.6,web,Valencia,46021,460
825,22,2025-01-01,10,244.73,web,Valladolid,47002,470
826,86,2025-01-01,8,22.75,web,Murcia,30002,300
827,129,2025-02-23,6,205.6,app,Zaragoza,50002,500
828,109,2025-02-07,5,253.0,tienda,Valencia,46023,460
829,83,2025-02-17,2,162.56,web,Murcia,30002,300
830,46,2025-01-26,3,211.04,app,Zaragoza,50002,500
831,285,2025-01-18,4,264.09,app,Sevilla,41005,410
832,259,2025-02-21,6,98.9,app,Zaragoza,50002,500
833,134,2025-02-18,5,213.79,tienda,Bilbao,48002,480
834,165,2025-01-22,10,67.13,web,Valencia,46002,460
835,9,2025-02-28,1,209.09,app,Valencia,46001,460
836,244,2025-01-01,3,270.93,web,Sevilla,41001,410
837,285,2025-02-27,8,210.46,web,Sevilla,41005,410
838,276,2025-01-06,2,237.26,app,Valencia,46021,460
839,16,2025-02-27,8,250.46,app,Valladolid,47001,470
840,64,2025-01-23,7,291.75,app,Valladolid,47010,470
841,184,2025-01-25,1,57.27,tienda,Valencia,46023,460
842,237,2025-01-24,8,281.19,tienda,Madrid,28002,280
843,114,2025-02-17,5,10.84,app,Málaga,29004,290
844,184,2025-01-13,10,31.54,app,Valencia,46023,460
845,156,2025-02-21,4,216.75,web,Murcia,30002,300
846,186,2025-01-03,10,87.82,tienda,Bilbao,48001,480
847,4,2025-01-13,7,295.36,tienda,Murcia,30002,300
848,143,2025-02-06,3,152.6,app,Valladolid,47010,470
849,100,2025-02-12,10,222.95,app,Zaragoza,50007,500
850,90,2025-01-05,2,178.51,tienda,Zaragoza,50007,500
851,133,2025-03-01,4,173.12,app,Zaragoza,50001,500
852,141,2025-01-13,1,255.06,app,Zaragoza,50001,500
853,273,2025-02-09,9,79.61,web,Madrid,28003,280
854,2,2025-01-28,1,194.09,web,Valencia,46023,460
855,222,2025-02-24,5,298.56,tienda,Málaga,29001,290
856,266,2025-01-30,9,151.19,tienda,Madrid,28002,280
857,115,2025-01-04,7,86.99,app,Murcia,30002,300
858,230,2025-01-21,4,6.52,web,Valencia,46001,460
859,42,2025-02-26,1,173.69,app,Murcia,30007,300
860,116,2025-02-14,2,130.03,tienda,Bilbao,48003,480
861,101,2025-01-11,2,102.12,app,Valladolid,47001,470
862,50,2025-01-02,1,146.59,app,Sevilla,41002,410
863,172,2025-02-23,2,78.87,web,Zaragoza,50002,500
864,123,2025-01-22,6,250.59,app,Valladolid,47002,470
865,122,2025-01-05,10,233.85,web,Madrid,28011,280
866,49,2025-02-10,2,136.7,tienda,Zaragoza,50001,500
867,32,2025-02-28,6,14.84,app,Murcia,30002,300
868,34,2025-02-20,8,42.62,tienda,Valladolid,47002,470
869,155,2025-02-09,2,189.72,tienda,Málaga,29004,290
870,29,2025-02-05,7,20.4,web,Murcia,30002,300
871,50,2025-02-09,4,226.83,app,Sevilla,41002,410
872,6,2025-01-30,7,118.26,app,Zaragoza,50001,500
873,52,2025-01-22,1,197.02,web,Valladolid,47010,470
874,265,2025-01-22,2,178.4,tienda,Sevilla,41010,410
875,7,2025-02-08,10,215.42,tienda,Zaragoza,50001,500
876,294,2025-01-09,5,193.02,web,Bilbao,48002,480
877,216,2025-01-31,8,218.76,tienda,Zaragoza,50001,500
878,125,2025-01-09,1,240.12,tienda,Málaga,29002,290
879,160,2025-02-07,6,133.58,web,Zaragoza,50001,500
880,299,2025-02-26,3,164.64,tienda,Málaga,29010,290
881,241,2025-01-20,5,182.98,web,Sevilla,41001,410
882,5,2025-02-03,3,178.0,tienda,Murcia,30002,300
883,122,2025-02-02,9,246.66,tienda,Madrid,28011,280
884,217,2025-01-23,4,62.65,app,Valencia,46021,460
885,104,2025-02-20,4,25.18,app,Málaga,29001,290
886,244,2025-02-14,8,209.09,app,Sevilla,41001,410
887,170,2025-02-24,6,175.63,app,Valencia,46023,460
888,154,2025-01-27,2,101.94,web,Zaragoza,50001,500
889,22,2025-02-01,1,69.72,app,Valladolid,47002,470
890,115,2025-02-14,10,72.93,tienda,Murcia,30002,300
891,123,2025-01-31,6,221.7,app,Valladolid,47002,470
892,193,2025-01-14,1,123.09,web,Murcia,30001,300
893,6,2025-01-05,9,110.58,tienda,Zaragoza,50001,500
894,73,2025-01-19,10,134.92,web,Bilbao,48003,480
895,23,2025-01-02,5,63.74,tienda,Madrid,28001,280
896,113,2025-02-26,3,82.29,web,Murcia,30002,300
897,284,2025-01-16,1,57.67,tienda,Valencia,46023,460
898,135,2025-02-28,3,34.85,web,Valencia,46021,460
899,57,2025-01-22,5,281.15,web,Sevilla,41010,410
900,123,2025-01-24,3,243.8,app,Valladolid,47002,470
901,223,2025-02-26,2,214.73,tienda,Sevilla,41005,410
902,67,2025-02-20,9,60.94,web,Zaragoza,50007,500
903,192,2025-01-21,4,181.87,tienda,Zaragoza,50007,500
904,97,2025-02-24,3,162.96,web,Zaragoza,50001,500
905,127,2025-01-04,5,190.69,tienda,Madrid,28011,280
906,261,2025-02-07,4,266.32,app,Valladolid,47001,470
907,42,2025-02-20,10,143.85,tienda,Murcia,30007,300
908,86,2025-02-02,9,119.49,web,Murcia,30002,300
909,256,2025-02-03,6,141.96,app,Murcia,30001,300
910,192,2025-02-03,8,209.88,web,Zaragoza,50007,500
911,138,2025-02-07,10,123.28,app,Murcia,30001,300
912,19,2025-01-14,4,69.76,web,Zaragoza,50002,500
913,121,2025-01-26,7,69.49,web,Valencia,46002,460
914,293,2025-01-11,6,280.97,web,Madrid,28001,280
915,282,2025-01-06,2,44.63,web,Málaga,29004,290
916,228,2025-02-03,10,108.71,tienda,Zaragoza,50001,500
917,239,2025-02-02,7,188.23,web,Valladolid,47001,470
918,240,2025-01-28,8,125.64,web,Valencia,46002,460
919,140,2025-01-25,8,12.29,tienda,Zaragoza,50002,500
920,136,2025-02-11,2,27.39,web,Málaga,29002,290
921,257,2025-02-02,2,166.26,web,Murcia,30002,300
922,117,2025-01-07,6,39.98,tienda,Bilbao,48001,480
923,280,2025-01-13,6,103.46,web,Bilbao,48003,480
924,155,2025-02-17,5,245.59,tienda,Málaga,29004,290
925,71,2025-02-24,9,226.95,web,Valladolid,47001,470
926,5,2025-02-19,6,93.34,web,Murcia,30002,300
927,208,2025-02-22,1,176.09,web,Madrid,28003,280
928,263,2025-02-18,7,285.69,tienda,Valencia,46001,460
929,117,2025-02-16,8,226.0,tienda,Bilbao,48001,480
930,265,2025-02-07,8,236.86,app,Sevilla,41010,410
931,237,2025-01-22,6,238.61,tienda,Madrid,28002,280
932,220,2025-02-19,7,282.87,tienda,Sevilla,41002,410
933,225,2025-01-29,1,256.62,web,Zaragoza,50007,500
934,72,2025-02-06,5,262.76,app,Bilbao,48003,480
935,5,2025-02-01,6,244.07,web,Murcia,30002,300
936,116,2025-01-27,7,130.59,app,Bilbao,48003,480
937,276,2025-01-20,1,101.19,app,Valencia,46021,460
938,17,2025-03-01,6,46.04,app,Bilbao,48001,480
939,294,2025-02-25,7,120.31,tienda,Bilbao,48002,480
940,201,2025-01-05,4,162.67,web,Murcia,30002,300
941,56,2025-01-22,8,173.01,app,Zaragoza,50002,500
942,156,2025-01-06,9,55.57,tienda,Murcia,30002,300
943,17,2025-02-22,8,208.26,tienda,Bilbao,48001,480
944,96,2025-01-13,7,25.5,web,Sevilla,41002,410
945,106,2025-01-15,9,90.88,tienda,Valladolid,47001,470
946,233,2025-01-04,1,113.75,tienda,Murcia,30007,300
947,168,2025-02-25,7,273.39,tienda,Sevilla,41001,410
948,57,2025-01-09,8,163.25,app,Sevilla,41010,410
949,36,2025-01-25,4,286.75,tienda,Murcia,30002,300
950,106,2025-01-20,8,132.5,tienda,Valladolid,47001,470
951,295,2025-01-20,9,178.31,app,Málaga,29001,290
952,235,2025-01-18,3,64.5,web,Sevilla,41001,410
953,33,2025-02-22,4,122.77,app,Valladolid,47001,470
954,169,2025-02-28,8,172.92,web,Sevilla,41001,410
955,237,2025-02-06,2,16.53,web,Madrid,28002,280
956,234,2025-01-23,5,211.59,web,Sevilla,41010,410
957,90,2025-01-27,10,78.49,app,Zaragoza,50007,500
958,222,2025-01-30,3,118.48,app,Málaga,29001,290
959,292,2025-01-07,1,121.1,tienda,Valladolid,47002,470
960,81,2025-01-18,9,265.35,web,Sevilla,41002,410
961,35,2025-02-14,4,219.33,web,Sevilla,41002,410
962,211,2025-02-18,6,168.08,tienda,Sevilla,41001,410
963,54,2025-02-02,6,231.13,web,Bilbao,48003,480
964,231,2025-01-11,9,79.57,tienda,Sevilla,41005,410
965,237,2025-01-02,8,26.59,web,Madrid,28002,280
966,176,2025-02-17,4,122.81,web,Valencia,46001,460
967,20,2025-01-01,3,78.93,web,Sevilla,41002,410
968,238,2025-02-01,2,141.1,app,Zaragoza,50002,500
969,125,2025-02-15,3,285.26,web,Málaga,29002,290
970,143,2025-02-23,1,52.6,app,Valladolid,47010,470
971,52,2025-01-12,9,91.77,app,Valladolid,47010,470
972,201,2025-01-11,1,27.89,app,Murcia,30002,300
973,140,2025-01-10,3,134.99,tienda,Zaragoza,50002,500
974,18,2025-02-27,4,204.14,web,Sevilla,41002,410
975,25,2025-02-23,9,192.26,app,Zaragoza,50002,500
976,53,2025-01-25,8,208.65,tienda,Málaga,29002,290
977,3,2025-01-04,4,232.86,tienda,Sevilla,41010,410
978,192,2025-02-28,2,75.37,tienda,Zaragoza,50007,500
979,216,2025-01-02,6,296.84,tienda,Zaragoza,50001,500
980,33,2025-01-15,2,287.83,app,Valladolid,47001,470
981,86,2025-02-16,7,54.28,app,Murcia,30002,300
982,56,2025-02-22,9,101.51,app,Zaragoza,50002,500
983,98,2025-02-09,9,66.1,web,Murcia,30001,300
984,220,2025-01-08,2,73.56,web,Sevilla,41002,410
985,166,2025-01-12,6,9.42,tienda,Sevilla,41005,410
986,200,2025-01-14,2,140.34,app,Valencia,46023,460
987,143,2025-02-11,1,189.05,tienda,Valladolid,47010,470
988,112,2025-01-27,10,93.95,web,Bilbao,48002,480
989,53,2025-02-15,10,163.17,tienda,Málaga,29002,290
990,129,2025-01-07,7,181.96,app,Zaragoza,50002,500
991,69,2025-01-22,6,56.72,app,Málaga,29004,290
992,247,2025-01-05,10,103.86,app,Valencia,46002,460
993,230,2025-01-25,4,155.75,app,Valencia,46001,460
994,7,2025-01-15,2,11.26,web,Zaragoza,50001,500
995,122,2025-02-17,4,131.41,app,Madrid,28011,280
996,41,2025-01-04,8,45.58,web,Bilbao,48003,480
997,104,2025-01-10,1,115.85,tienda,Málaga,29001,290
998,228,2025-02-17,3,263.81,web,Zaragoza,50001,500
999,163,2025-02-11,1,237.16,app,Madrid,28001,280
1000,213,2025-02-11,1,244.75,tienda,Sevilla,41001,410
